num_borrowers,agenew,devontown
3310,,0
118,0,0
352,1,0
810,10,0
1,100,0
3,101,0
2,105,0
769,11,0
2,112,0
7,114,0
12,115,0
25,116,0
680,12,0
603,13,0
516,14,0
469,15,0
428,16,0
510,17,0
692,18,0
661,19,0
515,2,0
771,20,0
832,21,0
966,22,0
1085,23,0
1082,24,0
1073,25,0
1069,26,0
1101,27,0
1261,28,0
1166,29,0
627,3,0
1158,30,0
1074,31,0
1062,32,0
1001,33,0
1062,34,0
985,35,0
984,36,0
996,37,0
889,38,0
811,39,0
774,4,0
842,40,0
787,41,0
738,42,0
729,43,0
712,44,0
689,45,0
681,46,0
604,47,0
598,48,0
590,49,0
834,5,0
526,50,0
548,51,0
555,52,0
552,53,0
448,54,0
424,55,0
469,56,0
430,57,0
418,58,0
446,59,0
859,6,0
429,60,0
401,61,0
414,62,0
432,63,0
431,64,0
472,65,0
441,66,0
418,67,0
449,68,0
465,69,0
913,7,0
477,70,0
329,71,0
330,72,0
284,73,0
265,74,0
268,75,0
230,76,0
206,77,0
189,78,0
142,79,0
892,8,0
159,80,0
126,81,0
126,82,0
104,83,0
87,84,0
86,85,0
83,86,0
69,87,0
62,88,0
25,89,0
865,9,0
34,90,0
32,91,0
30,92,0
16,93,0
20,94,0
8,95,0
12,96,0
5,97,0
2,98,0
3,99,0
197,,Ashburton/Buckfastleigh
8,0,Ashburton/Buckfastleigh
13,1,Ashburton/Buckfastleigh
68,10,Ashburton/Buckfastleigh
96,11,Ashburton/Buckfastleigh
1,112,Ashburton/Buckfastleigh
1,115,Ashburton/Buckfastleigh
81,12,Ashburton/Buckfastleigh
63,13,Ashburton/Buckfastleigh
54,14,Ashburton/Buckfastleigh
50,15,Ashburton/Buckfastleigh
49,16,Ashburton/Buckfastleigh
31,17,Ashburton/Buckfastleigh
34,18,Ashburton/Buckfastleigh
27,19,Ashburton/Buckfastleigh
22,2,Ashburton/Buckfastleigh
33,20,Ashburton/Buckfastleigh
23,21,Ashburton/Buckfastleigh
29,22,Ashburton/Buckfastleigh
30,23,Ashburton/Buckfastleigh
34,24,Ashburton/Buckfastleigh
29,25,Ashburton/Buckfastleigh
24,26,Ashburton/Buckfastleigh
26,27,Ashburton/Buckfastleigh
36,28,Ashburton/Buckfastleigh
30,29,Ashburton/Buckfastleigh
42,3,Ashburton/Buckfastleigh
42,30,Ashburton/Buckfastleigh
27,31,Ashburton/Buckfastleigh
33,32,Ashburton/Buckfastleigh
42,33,Ashburton/Buckfastleigh
29,34,Ashburton/Buckfastleigh
35,35,Ashburton/Buckfastleigh
34,36,Ashburton/Buckfastleigh
47,37,Ashburton/Buckfastleigh
34,38,Ashburton/Buckfastleigh
35,39,Ashburton/Buckfastleigh
62,4,Ashburton/Buckfastleigh
32,40,Ashburton/Buckfastleigh
49,41,Ashburton/Buckfastleigh
39,42,Ashburton/Buckfastleigh
43,43,Ashburton/Buckfastleigh
49,44,Ashburton/Buckfastleigh
51,45,Ashburton/Buckfastleigh
43,46,Ashburton/Buckfastleigh
53,47,Ashburton/Buckfastleigh
43,48,Ashburton/Buckfastleigh
46,49,Ashburton/Buckfastleigh
55,5,Ashburton/Buckfastleigh
42,50,Ashburton/Buckfastleigh
56,51,Ashburton/Buckfastleigh
37,52,Ashburton/Buckfastleigh
47,53,Ashburton/Buckfastleigh
37,54,Ashburton/Buckfastleigh
34,55,Ashburton/Buckfastleigh
29,56,Ashburton/Buckfastleigh
31,57,Ashburton/Buckfastleigh
34,58,Ashburton/Buckfastleigh
31,59,Ashburton/Buckfastleigh
61,6,Ashburton/Buckfastleigh
37,60,Ashburton/Buckfastleigh
29,61,Ashburton/Buckfastleigh
30,62,Ashburton/Buckfastleigh
34,63,Ashburton/Buckfastleigh
41,64,Ashburton/Buckfastleigh
38,65,Ashburton/Buckfastleigh
38,66,Ashburton/Buckfastleigh
47,67,Ashburton/Buckfastleigh
36,68,Ashburton/Buckfastleigh
37,69,Ashburton/Buckfastleigh
75,7,Ashburton/Buckfastleigh
36,70,Ashburton/Buckfastleigh
33,71,Ashburton/Buckfastleigh
27,72,Ashburton/Buckfastleigh
28,73,Ashburton/Buckfastleigh
25,74,Ashburton/Buckfastleigh
18,75,Ashburton/Buckfastleigh
21,76,Ashburton/Buckfastleigh
11,77,Ashburton/Buckfastleigh
14,78,Ashburton/Buckfastleigh
7,79,Ashburton/Buckfastleigh
71,8,Ashburton/Buckfastleigh
13,80,Ashburton/Buckfastleigh
11,81,Ashburton/Buckfastleigh
7,82,Ashburton/Buckfastleigh
10,83,Ashburton/Buckfastleigh
5,84,Ashburton/Buckfastleigh
7,85,Ashburton/Buckfastleigh
6,86,Ashburton/Buckfastleigh
2,87,Ashburton/Buckfastleigh
3,88,Ashburton/Buckfastleigh
3,89,Ashburton/Buckfastleigh
70,9,Ashburton/Buckfastleigh
4,90,Ashburton/Buckfastleigh
1,91,Ashburton/Buckfastleigh
3,92,Ashburton/Buckfastleigh
1,93,Ashburton/Buckfastleigh
1,94,Ashburton/Buckfastleigh
4,95,Ashburton/Buckfastleigh
2,98,Ashburton/Buckfastleigh
2,99,Ashburton/Buckfastleigh
558,,Axminster
6,0,Axminster
17,1,Axminster
82,10,Axminster
1,101,Axminster
2,103,Axminster
90,11,Axminster
1,114,Axminster
2,115,Axminster
3,116,Axminster
99,12,Axminster
89,13,Axminster
83,14,Axminster
67,15,Axminster
43,16,Axminster
44,17,Axminster
46,18,Axminster
34,19,Axminster
35,2,Axminster
37,20,Axminster
38,21,Axminster
24,22,Axminster
29,23,Axminster
46,24,Axminster
36,25,Axminster
37,26,Axminster
34,27,Axminster
97,28,Axminster
41,29,Axminster
51,3,Axminster
31,30,Axminster
36,31,Axminster
39,32,Axminster
37,33,Axminster
31,34,Axminster
54,35,Axminster
37,36,Axminster
42,37,Axminster
36,38,Axminster
33,39,Axminster
64,4,Axminster
47,40,Axminster
36,41,Axminster
61,42,Axminster
36,43,Axminster
46,44,Axminster
61,45,Axminster
54,46,Axminster
53,47,Axminster
42,48,Axminster
36,49,Axminster
70,5,Axminster
40,50,Axminster
50,51,Axminster
51,52,Axminster
37,53,Axminster
45,54,Axminster
29,55,Axminster
35,56,Axminster
37,57,Axminster
15,58,Axminster
36,59,Axminster
80,6,Axminster
42,60,Axminster
44,61,Axminster
45,62,Axminster
49,63,Axminster
37,64,Axminster
48,65,Axminster
58,66,Axminster
56,67,Axminster
45,68,Axminster
83,69,Axminster
81,7,Axminster
59,70,Axminster
50,71,Axminster
46,72,Axminster
39,73,Axminster
49,74,Axminster
36,75,Axminster
33,76,Axminster
31,77,Axminster
28,78,Axminster
29,79,Axminster
98,8,Axminster
26,80,Axminster
18,81,Axminster
11,82,Axminster
12,83,Axminster
13,84,Axminster
15,85,Axminster
14,86,Axminster
10,87,Axminster
6,88,Axminster
8,89,Axminster
96,9,Axminster
8,90,Axminster
4,91,Axminster
4,92,Axminster
6,93,Axminster
1,94,Axminster
1,95,Axminster
3,96,Axminster
1,97,Axminster
1,99,Axminster
1261,,Barnstaple
27,0,Barnstaple
66,1,Barnstaple
370,10,Barnstaple
2,102,Barnstaple
1,106,Barnstaple
333,11,Barnstaple
2,113,Barnstaple
3,114,Barnstaple
2,115,Barnstaple
3,116,Barnstaple
367,12,Barnstaple
293,13,Barnstaple
271,14,Barnstaple
234,15,Barnstaple
213,16,Barnstaple
207,17,Barnstaple
250,18,Barnstaple
230,19,Barnstaple
126,2,Barnstaple
242,20,Barnstaple
194,21,Barnstaple
258,22,Barnstaple
220,23,Barnstaple
214,24,Barnstaple
262,25,Barnstaple
278,26,Barnstaple
264,27,Barnstaple
280,28,Barnstaple
278,29,Barnstaple
190,3,Barnstaple
279,30,Barnstaple
252,31,Barnstaple
256,32,Barnstaple
260,33,Barnstaple
240,34,Barnstaple
237,35,Barnstaple
228,36,Barnstaple
226,37,Barnstaple
233,38,Barnstaple
230,39,Barnstaple
264,4,Barnstaple
226,40,Barnstaple
201,41,Barnstaple
192,42,Barnstaple
198,43,Barnstaple
225,44,Barnstaple
230,45,Barnstaple
219,46,Barnstaple
225,47,Barnstaple
199,48,Barnstaple
207,49,Barnstaple
277,5,Barnstaple
166,50,Barnstaple
180,51,Barnstaple
182,52,Barnstaple
179,53,Barnstaple
147,54,Barnstaple
128,55,Barnstaple
174,56,Barnstaple
141,57,Barnstaple
137,58,Barnstaple
108,59,Barnstaple
328,6,Barnstaple
142,60,Barnstaple
134,61,Barnstaple
139,62,Barnstaple
146,63,Barnstaple
144,64,Barnstaple
160,65,Barnstaple
124,66,Barnstaple
186,67,Barnstaple
167,68,Barnstaple
199,69,Barnstaple
340,7,Barnstaple
172,70,Barnstaple
140,71,Barnstaple
148,72,Barnstaple
148,73,Barnstaple
126,74,Barnstaple
103,75,Barnstaple
88,76,Barnstaple
99,77,Barnstaple
86,78,Barnstaple
91,79,Barnstaple
314,8,Barnstaple
88,80,Barnstaple
73,81,Barnstaple
62,82,Barnstaple
54,83,Barnstaple
50,84,Barnstaple
39,85,Barnstaple
47,86,Barnstaple
27,87,Barnstaple
25,88,Barnstaple
25,89,Barnstaple
361,9,Barnstaple
26,90,Barnstaple
22,91,Barnstaple
7,92,Barnstaple
6,93,Barnstaple
8,94,Barnstaple
6,95,Barnstaple
12,96,Barnstaple
5,97,Barnstaple
1,98,Barnstaple
1,99,Barnstaple
1060,,Bideford/Northam
14,0,Bideford/Northam
69,1,Bideford/Northam
235,10,Bideford/Northam
2,100,Bideford/Northam
277,11,Bideford/Northam
2,115,Bideford/Northam
6,116,Bideford/Northam
223,12,Bideford/Northam
231,13,Bideford/Northam
186,14,Bideford/Northam
146,15,Bideford/Northam
136,16,Bideford/Northam
150,17,Bideford/Northam
134,18,Bideford/Northam
151,19,Bideford/Northam
100,2,Bideford/Northam
154,20,Bideford/Northam
154,21,Bideford/Northam
155,22,Bideford/Northam
121,23,Bideford/Northam
148,24,Bideford/Northam
155,25,Bideford/Northam
184,26,Bideford/Northam
153,27,Bideford/Northam
256,28,Bideford/Northam
172,29,Bideford/Northam
156,3,Bideford/Northam
145,30,Bideford/Northam
147,31,Bideford/Northam
138,32,Bideford/Northam
127,33,Bideford/Northam
112,34,Bideford/Northam
141,35,Bideford/Northam
145,36,Bideford/Northam
158,37,Bideford/Northam
141,38,Bideford/Northam
162,39,Bideford/Northam
222,4,Bideford/Northam
163,40,Bideford/Northam
134,41,Bideford/Northam
151,42,Bideford/Northam
127,43,Bideford/Northam
131,44,Bideford/Northam
145,45,Bideford/Northam
136,46,Bideford/Northam
123,47,Bideford/Northam
132,48,Bideford/Northam
115,49,Bideford/Northam
226,5,Bideford/Northam
134,50,Bideford/Northam
103,51,Bideford/Northam
121,52,Bideford/Northam
141,53,Bideford/Northam
128,54,Bideford/Northam
118,55,Bideford/Northam
132,56,Bideford/Northam
106,57,Bideford/Northam
109,58,Bideford/Northam
101,59,Bideford/Northam
245,6,Bideford/Northam
126,60,Bideford/Northam
116,61,Bideford/Northam
124,62,Bideford/Northam
142,63,Bideford/Northam
142,64,Bideford/Northam
157,65,Bideford/Northam
194,66,Bideford/Northam
178,67,Bideford/Northam
140,68,Bideford/Northam
190,69,Bideford/Northam
251,7,Bideford/Northam
169,70,Bideford/Northam
129,71,Bideford/Northam
116,72,Bideford/Northam
107,73,Bideford/Northam
110,74,Bideford/Northam
80,75,Bideford/Northam
71,76,Bideford/Northam
67,77,Bideford/Northam
60,78,Bideford/Northam
71,79,Bideford/Northam
281,8,Bideford/Northam
51,80,Bideford/Northam
63,81,Bideford/Northam
37,82,Bideford/Northam
38,83,Bideford/Northam
47,84,Bideford/Northam
39,85,Bideford/Northam
32,86,Bideford/Northam
25,87,Bideford/Northam
16,88,Bideford/Northam
15,89,Bideford/Northam
248,9,Bideford/Northam
15,90,Bideford/Northam
14,91,Bideford/Northam
7,92,Bideford/Northam
3,93,Bideford/Northam
7,94,Bideford/Northam
5,95,Bideford/Northam
4,96,Bideford/Northam
3,97,Bideford/Northam
1,98,Bideford/Northam
1,99,Bideford/Northam
488,,Braunton
4,0,Braunton
23,1,Braunton
118,10,Braunton
105,11,Braunton
2,115,Braunton
2,116,Braunton
102,12,Braunton
92,13,Braunton
67,14,Braunton
61,15,Braunton
46,16,Braunton
59,17,Braunton
52,18,Braunton
41,19,Braunton
52,2,Braunton
45,20,Braunton
40,21,Braunton
48,22,Braunton
48,23,Braunton
41,24,Braunton
34,25,Braunton
38,26,Braunton
45,27,Braunton
55,28,Braunton
44,29,Braunton
77,3,Braunton
75,30,Braunton
79,31,Braunton
63,32,Braunton
55,33,Braunton
68,34,Braunton
67,35,Braunton
72,36,Braunton
72,37,Braunton
72,38,Braunton
74,39,Braunton
80,4,Braunton
65,40,Braunton
71,41,Braunton
76,42,Braunton
68,43,Braunton
60,44,Braunton
70,45,Braunton
58,46,Braunton
63,47,Braunton
49,48,Braunton
44,49,Braunton
109,5,Braunton
67,50,Braunton
39,51,Braunton
37,52,Braunton
52,53,Braunton
30,54,Braunton
36,55,Braunton
29,56,Braunton
46,57,Braunton
34,58,Braunton
39,59,Braunton
135,6,Braunton
28,60,Braunton
27,61,Braunton
37,62,Braunton
30,63,Braunton
36,64,Braunton
44,65,Braunton
45,66,Braunton
35,67,Braunton
55,68,Braunton
46,69,Braunton
132,7,Braunton
52,70,Braunton
39,71,Braunton
46,72,Braunton
44,73,Braunton
36,74,Braunton
26,75,Braunton
35,76,Braunton
28,77,Braunton
33,78,Braunton
26,79,Braunton
130,8,Braunton
19,80,Braunton
20,81,Braunton
23,82,Braunton
18,83,Braunton
20,84,Braunton
17,85,Braunton
22,86,Braunton
7,87,Braunton
3,88,Braunton
8,89,Braunton
116,9,Braunton
11,90,Braunton
8,91,Braunton
1,92,Braunton
5,93,Braunton
1,94,Braunton
3,95,Braunton
2,96,Braunton
556,,Crediton
15,0,Crediton
37,1,Crediton
181,10,Crediton
1,101,Crediton
154,11,Crediton
1,112,Crediton
1,113,Crediton
3,116,Crediton
140,12,Crediton
150,13,Crediton
122,14,Crediton
115,15,Crediton
101,16,Crediton
112,17,Crediton
94,18,Crediton
99,19,Crediton
78,2,Crediton
79,20,Crediton
95,21,Crediton
97,22,Crediton
71,23,Crediton
79,24,Crediton
82,25,Crediton
96,26,Crediton
74,27,Crediton
114,28,Crediton
81,29,Crediton
112,3,Crediton
78,30,Crediton
85,31,Crediton
87,32,Crediton
93,33,Crediton
74,34,Crediton
89,35,Crediton
95,36,Crediton
87,37,Crediton
103,38,Crediton
79,39,Crediton
124,4,Crediton
93,40,Crediton
105,41,Crediton
100,42,Crediton
74,43,Crediton
81,44,Crediton
77,45,Crediton
105,46,Crediton
81,47,Crediton
86,48,Crediton
83,49,Crediton
158,5,Crediton
85,50,Crediton
87,51,Crediton
79,52,Crediton
68,53,Crediton
72,54,Crediton
53,55,Crediton
66,56,Crediton
59,57,Crediton
59,58,Crediton
52,59,Crediton
158,6,Crediton
43,60,Crediton
61,61,Crediton
56,62,Crediton
84,63,Crediton
72,64,Crediton
65,65,Crediton
57,66,Crediton
91,67,Crediton
70,68,Crediton
86,69,Crediton
172,7,Crediton
77,70,Crediton
69,71,Crediton
60,72,Crediton
43,73,Crediton
44,74,Crediton
37,75,Crediton
27,76,Crediton
40,77,Crediton
47,78,Crediton
34,79,Crediton
144,8,Crediton
34,80,Crediton
16,81,Crediton
18,82,Crediton
20,83,Crediton
21,84,Crediton
19,85,Crediton
20,86,Crediton
16,87,Crediton
5,88,Crediton
11,89,Crediton
166,9,Crediton
9,90,Crediton
6,91,Crediton
5,92,Crediton
4,93,Crediton
1,94,Crediton
1,95,Crediton
1,96,Crediton
2,97,Crediton
1,98,Crediton
451,,Cullompton
14,0,Cullompton
53,1,Cullompton
202,10,Cullompton
1,103,Cullompton
193,11,Cullompton
1,112,Cullompton
3,113,Cullompton
1,114,Cullompton
1,115,Cullompton
6,116,Cullompton
199,12,Cullompton
150,13,Cullompton
145,14,Cullompton
137,15,Cullompton
108,16,Cullompton
116,17,Cullompton
116,18,Cullompton
88,19,Cullompton
79,2,Cullompton
102,20,Cullompton
87,21,Cullompton
92,22,Cullompton
74,23,Cullompton
85,24,Cullompton
98,25,Cullompton
93,26,Cullompton
98,27,Cullompton
104,28,Cullompton
86,29,Cullompton
105,3,Cullompton
107,30,Cullompton
122,31,Cullompton
91,32,Cullompton
111,33,Cullompton
117,34,Cullompton
107,35,Cullompton
105,36,Cullompton
107,37,Cullompton
94,38,Cullompton
86,39,Cullompton
147,4,Cullompton
111,40,Cullompton
93,41,Cullompton
83,42,Cullompton
107,43,Cullompton
90,44,Cullompton
92,45,Cullompton
99,46,Cullompton
93,47,Cullompton
87,48,Cullompton
80,49,Cullompton
173,5,Cullompton
95,50,Cullompton
79,51,Cullompton
61,52,Cullompton
76,53,Cullompton
69,54,Cullompton
54,55,Cullompton
75,56,Cullompton
90,57,Cullompton
61,58,Cullompton
40,59,Cullompton
167,6,Cullompton
74,60,Cullompton
60,61,Cullompton
44,62,Cullompton
75,63,Cullompton
71,64,Cullompton
60,65,Cullompton
77,66,Cullompton
72,67,Cullompton
75,68,Cullompton
77,69,Cullompton
202,7,Cullompton
61,70,Cullompton
48,71,Cullompton
66,72,Cullompton
63,73,Cullompton
41,74,Cullompton
31,75,Cullompton
35,76,Cullompton
33,77,Cullompton
43,78,Cullompton
33,79,Cullompton
200,8,Cullompton
30,80,Cullompton
33,81,Cullompton
19,82,Cullompton
15,83,Cullompton
27,84,Cullompton
12,85,Cullompton
21,86,Cullompton
14,87,Cullompton
18,88,Cullompton
7,89,Cullompton
200,9,Cullompton
7,90,Cullompton
8,91,Cullompton
8,92,Cullompton
1,93,Cullompton
8,94,Cullompton
4,95,Cullompton
2,96,Cullompton
1,97,Cullompton
1,98,Cullompton
1,99,Cullompton
464,,Dartmouth
3,0,Dartmouth
20,1,Dartmouth
83,10,Dartmouth
1,100,Dartmouth
1,101,Dartmouth
66,11,Dartmouth
66,12,Dartmouth
70,13,Dartmouth
64,14,Dartmouth
54,15,Dartmouth
50,16,Dartmouth
41,17,Dartmouth
37,18,Dartmouth
46,19,Dartmouth
22,2,Dartmouth
51,20,Dartmouth
29,21,Dartmouth
33,22,Dartmouth
32,23,Dartmouth
38,24,Dartmouth
39,25,Dartmouth
46,26,Dartmouth
50,27,Dartmouth
48,28,Dartmouth
53,29,Dartmouth
38,3,Dartmouth
51,30,Dartmouth
52,31,Dartmouth
43,32,Dartmouth
43,33,Dartmouth
49,34,Dartmouth
42,35,Dartmouth
47,36,Dartmouth
44,37,Dartmouth
37,38,Dartmouth
41,39,Dartmouth
48,4,Dartmouth
51,40,Dartmouth
36,41,Dartmouth
40,42,Dartmouth
47,43,Dartmouth
47,44,Dartmouth
55,45,Dartmouth
58,46,Dartmouth
45,47,Dartmouth
53,48,Dartmouth
54,49,Dartmouth
60,5,Dartmouth
51,50,Dartmouth
53,51,Dartmouth
47,52,Dartmouth
55,53,Dartmouth
39,54,Dartmouth
53,55,Dartmouth
70,56,Dartmouth
63,57,Dartmouth
47,58,Dartmouth
37,59,Dartmouth
62,6,Dartmouth
42,60,Dartmouth
64,61,Dartmouth
57,62,Dartmouth
59,63,Dartmouth
82,64,Dartmouth
60,65,Dartmouth
68,66,Dartmouth
76,67,Dartmouth
75,68,Dartmouth
93,69,Dartmouth
46,7,Dartmouth
88,70,Dartmouth
70,71,Dartmouth
62,72,Dartmouth
51,73,Dartmouth
48,74,Dartmouth
42,75,Dartmouth
44,76,Dartmouth
53,77,Dartmouth
36,78,Dartmouth
31,79,Dartmouth
69,8,Dartmouth
22,80,Dartmouth
14,81,Dartmouth
25,82,Dartmouth
20,83,Dartmouth
24,84,Dartmouth
19,85,Dartmouth
20,86,Dartmouth
14,87,Dartmouth
8,88,Dartmouth
13,89,Dartmouth
61,9,Dartmouth
7,90,Dartmouth
6,91,Dartmouth
9,92,Dartmouth
3,93,Dartmouth
4,94,Dartmouth
2,95,Dartmouth
3,96,Dartmouth
1,97,Dartmouth
2,98,Dartmouth
520,,Dawlish
7,0,Dawlish
35,1,Dawlish
113,10,Dawlish
1,100,Dawlish
115,11,Dawlish
2,114,Dawlish
1,115,Dawlish
1,116,Dawlish
124,12,Dawlish
91,13,Dawlish
82,14,Dawlish
72,15,Dawlish
62,16,Dawlish
84,17,Dawlish
76,18,Dawlish
61,19,Dawlish
43,2,Dawlish
81,20,Dawlish
70,21,Dawlish
73,22,Dawlish
58,23,Dawlish
63,24,Dawlish
65,25,Dawlish
72,26,Dawlish
63,27,Dawlish
105,28,Dawlish
74,29,Dawlish
55,3,Dawlish
90,30,Dawlish
77,31,Dawlish
83,32,Dawlish
82,33,Dawlish
89,34,Dawlish
60,35,Dawlish
70,36,Dawlish
69,37,Dawlish
61,38,Dawlish
81,39,Dawlish
74,4,Dawlish
56,40,Dawlish
62,41,Dawlish
72,42,Dawlish
70,43,Dawlish
69,44,Dawlish
70,45,Dawlish
66,46,Dawlish
65,47,Dawlish
71,48,Dawlish
60,49,Dawlish
70,5,Dawlish
67,50,Dawlish
60,51,Dawlish
79,52,Dawlish
71,53,Dawlish
53,54,Dawlish
66,55,Dawlish
53,56,Dawlish
67,57,Dawlish
77,58,Dawlish
69,59,Dawlish
77,6,Dawlish
59,60,Dawlish
75,61,Dawlish
64,62,Dawlish
86,63,Dawlish
88,64,Dawlish
78,65,Dawlish
93,66,Dawlish
79,67,Dawlish
78,68,Dawlish
90,69,Dawlish
75,7,Dawlish
72,70,Dawlish
84,71,Dawlish
80,72,Dawlish
66,73,Dawlish
48,74,Dawlish
61,75,Dawlish
34,76,Dawlish
57,77,Dawlish
44,78,Dawlish
31,79,Dawlish
87,8,Dawlish
33,80,Dawlish
30,81,Dawlish
32,82,Dawlish
37,83,Dawlish
16,84,Dawlish
19,85,Dawlish
23,86,Dawlish
25,87,Dawlish
18,88,Dawlish
21,89,Dawlish
86,9,Dawlish
14,90,Dawlish
9,91,Dawlish
9,92,Dawlish
3,93,Dawlish
4,94,Dawlish
3,95,Dawlish
6,96,Dawlish
2,97,Dawlish
2,98,Dawlish
562,,Exeter
26,0,Exeter
52,1,Exeter
123,10,Exeter
126,11,Exeter
2,112,Exeter
1,113,Exeter
3,115,Exeter
2,116,Exeter
134,12,Exeter
92,13,Exeter
78,14,Exeter
73,15,Exeter
48,16,Exeter
67,17,Exeter
74,18,Exeter
77,19,Exeter
80,2,Exeter
69,20,Exeter
69,21,Exeter
55,22,Exeter
64,23,Exeter
51,24,Exeter
55,25,Exeter
62,26,Exeter
57,27,Exeter
74,28,Exeter
69,29,Exeter
115,3,Exeter
59,30,Exeter
56,31,Exeter
82,32,Exeter
62,33,Exeter
62,34,Exeter
78,35,Exeter
81,36,Exeter
86,37,Exeter
86,38,Exeter
85,39,Exeter
115,4,Exeter
75,40,Exeter
83,41,Exeter
88,42,Exeter
81,43,Exeter
73,44,Exeter
83,45,Exeter
77,46,Exeter
73,47,Exeter
62,48,Exeter
65,49,Exeter
113,5,Exeter
66,50,Exeter
52,51,Exeter
40,52,Exeter
48,53,Exeter
42,54,Exeter
60,55,Exeter
40,56,Exeter
41,57,Exeter
51,58,Exeter
41,59,Exeter
148,6,Exeter
48,60,Exeter
47,61,Exeter
50,62,Exeter
32,63,Exeter
63,64,Exeter
66,65,Exeter
74,66,Exeter
67,67,Exeter
75,68,Exeter
73,69,Exeter
118,7,Exeter
65,70,Exeter
55,71,Exeter
61,72,Exeter
50,73,Exeter
56,74,Exeter
33,75,Exeter
40,76,Exeter
35,77,Exeter
38,78,Exeter
29,79,Exeter
142,8,Exeter
25,80,Exeter
20,81,Exeter
22,82,Exeter
17,83,Exeter
13,84,Exeter
19,85,Exeter
18,86,Exeter
13,87,Exeter
11,88,Exeter
14,89,Exeter
140,9,Exeter
8,90,Exeter
8,91,Exeter
4,92,Exeter
2,93,Exeter
2,94,Exeter
2,96,Exeter
2,97,Exeter
2397,,Exmouth
25,0,Exmouth
98,1,Exmouth
326,10,Exmouth
1,100,Exmouth
1,102,Exmouth
1,106,Exmouth
348,11,Exmouth
1,112,Exmouth
1,113,Exmouth
4,115,Exmouth
7,116,Exmouth
287,12,Exmouth
268,13,Exmouth
216,14,Exmouth
217,15,Exmouth
199,16,Exmouth
205,17,Exmouth
214,18,Exmouth
216,19,Exmouth
159,2,Exmouth
192,20,Exmouth
231,21,Exmouth
198,22,Exmouth
184,23,Exmouth
225,24,Exmouth
252,25,Exmouth
188,26,Exmouth
212,27,Exmouth
241,28,Exmouth
210,29,Exmouth
199,3,Exmouth
227,30,Exmouth
212,31,Exmouth
198,32,Exmouth
241,33,Exmouth
199,34,Exmouth
217,35,Exmouth
227,36,Exmouth
217,37,Exmouth
242,38,Exmouth
191,39,Exmouth
250,4,Exmouth
234,40,Exmouth
170,41,Exmouth
213,42,Exmouth
212,43,Exmouth
200,44,Exmouth
196,45,Exmouth
189,46,Exmouth
210,47,Exmouth
176,48,Exmouth
203,49,Exmouth
271,5,Exmouth
181,50,Exmouth
197,51,Exmouth
164,52,Exmouth
203,53,Exmouth
177,54,Exmouth
168,55,Exmouth
180,56,Exmouth
170,57,Exmouth
167,58,Exmouth
186,59,Exmouth
333,6,Exmouth
178,60,Exmouth
186,61,Exmouth
178,62,Exmouth
205,63,Exmouth
229,64,Exmouth
215,65,Exmouth
231,66,Exmouth
246,67,Exmouth
243,68,Exmouth
232,69,Exmouth
362,7,Exmouth
202,70,Exmouth
194,71,Exmouth
216,72,Exmouth
150,73,Exmouth
163,74,Exmouth
108,75,Exmouth
137,76,Exmouth
111,77,Exmouth
109,78,Exmouth
73,79,Exmouth
392,8,Exmouth
88,80,Exmouth
84,81,Exmouth
60,82,Exmouth
60,83,Exmouth
57,84,Exmouth
51,85,Exmouth
49,86,Exmouth
39,87,Exmouth
40,88,Exmouth
23,89,Exmouth
378,9,Exmouth
21,90,Exmouth
21,91,Exmouth
10,92,Exmouth
9,93,Exmouth
9,94,Exmouth
4,95,Exmouth
9,96,Exmouth
3,97,Exmouth
1,98,Exmouth
3,99,Exmouth
413,,Great Torrington
8,0,Great Torrington
26,1,Great Torrington
76,10,Great Torrington
101,11,Great Torrington
1,113,Great Torrington
78,12,Great Torrington
66,13,Great Torrington
62,14,Great Torrington
46,15,Great Torrington
50,16,Great Torrington
43,17,Great Torrington
43,18,Great Torrington
45,19,Great Torrington
29,2,Great Torrington
45,20,Great Torrington
43,21,Great Torrington
40,22,Great Torrington
35,23,Great Torrington
33,24,Great Torrington
52,25,Great Torrington
51,26,Great Torrington
35,27,Great Torrington
115,28,Great Torrington
36,29,Great Torrington
60,3,Great Torrington
34,30,Great Torrington
37,31,Great Torrington
41,32,Great Torrington
32,33,Great Torrington
40,34,Great Torrington
40,35,Great Torrington
62,36,Great Torrington
52,37,Great Torrington
33,38,Great Torrington
28,39,Great Torrington
71,4,Great Torrington
39,40,Great Torrington
49,41,Great Torrington
34,42,Great Torrington
38,43,Great Torrington
40,44,Great Torrington
33,45,Great Torrington
48,46,Great Torrington
44,47,Great Torrington
40,48,Great Torrington
45,49,Great Torrington
79,5,Great Torrington
37,50,Great Torrington
35,51,Great Torrington
31,52,Great Torrington
36,53,Great Torrington
20,54,Great Torrington
35,55,Great Torrington
36,56,Great Torrington
34,57,Great Torrington
50,58,Great Torrington
54,59,Great Torrington
76,6,Great Torrington
51,60,Great Torrington
33,61,Great Torrington
47,62,Great Torrington
53,63,Great Torrington
42,64,Great Torrington
53,65,Great Torrington
54,66,Great Torrington
51,67,Great Torrington
41,68,Great Torrington
60,69,Great Torrington
94,7,Great Torrington
54,70,Great Torrington
47,71,Great Torrington
37,72,Great Torrington
27,73,Great Torrington
29,74,Great Torrington
23,75,Great Torrington
27,76,Great Torrington
19,77,Great Torrington
24,78,Great Torrington
14,79,Great Torrington
83,8,Great Torrington
19,80,Great Torrington
16,81,Great Torrington
7,82,Great Torrington
13,83,Great Torrington
8,84,Great Torrington
10,86,Great Torrington
12,87,Great Torrington
5,88,Great Torrington
6,89,Great Torrington
81,9,Great Torrington
1,90,Great Torrington
2,91,Great Torrington
1,92,Great Torrington
4,93,Great Torrington
3,94,Great Torrington
1,95,Great Torrington
3,96,Great Torrington
2,97,Great Torrington
388,,Holsworthy
2,0,Holsworthy
9,1,Holsworthy
75,10,Holsworthy
1,101,Holsworthy
1,104,Holsworthy
68,11,Holsworthy
1,113,Holsworthy
1,116,Holsworthy
80,12,Holsworthy
59,13,Holsworthy
76,14,Holsworthy
48,15,Holsworthy
51,16,Holsworthy
50,17,Holsworthy
31,18,Holsworthy
35,19,Holsworthy
14,2,Holsworthy
32,20,Holsworthy
30,21,Holsworthy
41,22,Holsworthy
32,23,Holsworthy
31,24,Holsworthy
30,25,Holsworthy
38,26,Holsworthy
25,27,Holsworthy
38,28,Holsworthy
21,29,Holsworthy
37,3,Holsworthy
31,30,Holsworthy
32,31,Holsworthy
29,32,Holsworthy
33,33,Holsworthy
22,34,Holsworthy
28,35,Holsworthy
38,36,Holsworthy
39,37,Holsworthy
28,38,Holsworthy
22,39,Holsworthy
44,4,Holsworthy
36,40,Holsworthy
41,41,Holsworthy
25,42,Holsworthy
35,43,Holsworthy
34,44,Holsworthy
36,45,Holsworthy
30,46,Holsworthy
38,47,Holsworthy
30,48,Holsworthy
39,49,Holsworthy
58,5,Holsworthy
25,50,Holsworthy
28,51,Holsworthy
22,52,Holsworthy
24,53,Holsworthy
29,54,Holsworthy
28,55,Holsworthy
36,56,Holsworthy
40,57,Holsworthy
31,58,Holsworthy
24,59,Holsworthy
68,6,Holsworthy
29,60,Holsworthy
38,61,Holsworthy
34,62,Holsworthy
32,63,Holsworthy
39,64,Holsworthy
39,65,Holsworthy
57,66,Holsworthy
39,67,Holsworthy
46,68,Holsworthy
54,69,Holsworthy
62,7,Holsworthy
38,70,Holsworthy
39,71,Holsworthy
38,72,Holsworthy
31,73,Holsworthy
22,74,Holsworthy
19,75,Holsworthy
14,76,Holsworthy
24,77,Holsworthy
14,78,Holsworthy
22,79,Holsworthy
61,8,Holsworthy
11,80,Holsworthy
8,81,Holsworthy
10,82,Holsworthy
10,83,Holsworthy
12,84,Holsworthy
14,85,Holsworthy
7,86,Holsworthy
5,87,Holsworthy
5,88,Holsworthy
4,89,Holsworthy
77,9,Holsworthy
5,90,Holsworthy
6,91,Holsworthy
3,92,Holsworthy
2,93,Holsworthy
1,94,Holsworthy
3,95,Holsworthy
1,98,Holsworthy
513,,Honiton
7,0,Honiton
25,1,Honiton
116,10,Honiton
110,11,Honiton
1,113,Honiton
1,114,Honiton
2,116,Honiton
121,12,Honiton
95,13,Honiton
83,14,Honiton
91,15,Honiton
56,16,Honiton
64,17,Honiton
84,18,Honiton
52,19,Honiton
43,2,Honiton
64,20,Honiton
72,21,Honiton
66,22,Honiton
46,23,Honiton
76,24,Honiton
72,25,Honiton
58,26,Honiton
78,27,Honiton
141,28,Honiton
54,29,Honiton
72,3,Honiton
72,30,Honiton
70,31,Honiton
66,32,Honiton
59,33,Honiton
67,34,Honiton
59,35,Honiton
75,36,Honiton
69,37,Honiton
68,38,Honiton
50,39,Honiton
100,4,Honiton
56,40,Honiton
70,41,Honiton
51,42,Honiton
61,43,Honiton
60,44,Honiton
65,45,Honiton
59,46,Honiton
78,47,Honiton
50,48,Honiton
56,49,Honiton
104,5,Honiton
63,50,Honiton
57,51,Honiton
43,52,Honiton
40,53,Honiton
55,54,Honiton
45,55,Honiton
66,56,Honiton
54,57,Honiton
57,58,Honiton
48,59,Honiton
130,6,Honiton
52,60,Honiton
36,61,Honiton
41,62,Honiton
48,63,Honiton
51,64,Honiton
52,65,Honiton
60,66,Honiton
57,67,Honiton
85,68,Honiton
74,69,Honiton
108,7,Honiton
84,70,Honiton
68,71,Honiton
64,72,Honiton
50,73,Honiton
44,74,Honiton
45,75,Honiton
32,76,Honiton
46,77,Honiton
38,78,Honiton
41,79,Honiton
114,8,Honiton
46,80,Honiton
31,81,Honiton
29,82,Honiton
25,83,Honiton
31,84,Honiton
27,85,Honiton
31,86,Honiton
14,87,Honiton
16,88,Honiton
17,89,Honiton
89,9,Honiton
9,90,Honiton
5,91,Honiton
6,92,Honiton
6,93,Honiton
1,94,Honiton
4,95,Honiton
5,96,Honiton
2,99,Honiton
592,,Ilfracombe
11,0,Ilfracombe
25,1,Ilfracombe
149,10,Ilfracombe
1,102,Ilfracombe
1,106,Ilfracombe
139,11,Ilfracombe
1,112,Ilfracombe
1,115,Ilfracombe
1,116,Ilfracombe
161,12,Ilfracombe
135,13,Ilfracombe
104,14,Ilfracombe
93,15,Ilfracombe
89,16,Ilfracombe
94,17,Ilfracombe
102,18,Ilfracombe
87,19,Ilfracombe
50,2,Ilfracombe
86,20,Ilfracombe
92,21,Ilfracombe
93,22,Ilfracombe
100,23,Ilfracombe
81,24,Ilfracombe
79,25,Ilfracombe
94,26,Ilfracombe
91,27,Ilfracombe
114,28,Ilfracombe
95,29,Ilfracombe
65,3,Ilfracombe
107,30,Ilfracombe
94,31,Ilfracombe
82,32,Ilfracombe
81,33,Ilfracombe
99,34,Ilfracombe
90,35,Ilfracombe
101,36,Ilfracombe
92,37,Ilfracombe
87,38,Ilfracombe
94,39,Ilfracombe
101,4,Ilfracombe
86,40,Ilfracombe
86,41,Ilfracombe
105,42,Ilfracombe
85,43,Ilfracombe
107,44,Ilfracombe
96,45,Ilfracombe
96,46,Ilfracombe
83,47,Ilfracombe
68,48,Ilfracombe
64,49,Ilfracombe
114,5,Ilfracombe
86,50,Ilfracombe
65,51,Ilfracombe
86,52,Ilfracombe
63,53,Ilfracombe
58,54,Ilfracombe
53,55,Ilfracombe
81,56,Ilfracombe
49,57,Ilfracombe
72,58,Ilfracombe
80,59,Ilfracombe
124,6,Ilfracombe
80,60,Ilfracombe
81,61,Ilfracombe
65,62,Ilfracombe
80,63,Ilfracombe
69,64,Ilfracombe
81,65,Ilfracombe
75,66,Ilfracombe
84,67,Ilfracombe
89,68,Ilfracombe
89,69,Ilfracombe
136,7,Ilfracombe
63,70,Ilfracombe
62,71,Ilfracombe
65,72,Ilfracombe
43,73,Ilfracombe
39,74,Ilfracombe
27,75,Ilfracombe
33,76,Ilfracombe
36,77,Ilfracombe
32,78,Ilfracombe
24,79,Ilfracombe
143,8,Ilfracombe
24,80,Ilfracombe
23,81,Ilfracombe
19,82,Ilfracombe
12,83,Ilfracombe
16,84,Ilfracombe
17,85,Ilfracombe
18,86,Ilfracombe
19,87,Ilfracombe
9,88,Ilfracombe
8,89,Ilfracombe
136,9,Ilfracombe
5,90,Ilfracombe
10,91,Ilfracombe
6,92,Ilfracombe
5,93,Ilfracombe
3,94,Ilfracombe
5,95,Ilfracombe
2,96,Ilfracombe
2,97,Ilfracombe
3,98,Ilfracombe
1,99,Ilfracombe
658,,Ivybridge
9,0,Ivybridge
44,1,Ivybridge
237,10,Ivybridge
2,100,Ivybridge
207,11,Ivybridge
2,114,Ivybridge
1,115,Ivybridge
2,116,Ivybridge
193,12,Ivybridge
193,13,Ivybridge
179,14,Ivybridge
155,15,Ivybridge
160,16,Ivybridge
145,17,Ivybridge
149,18,Ivybridge
135,19,Ivybridge
78,2,Ivybridge
123,20,Ivybridge
120,21,Ivybridge
98,22,Ivybridge
96,23,Ivybridge
102,24,Ivybridge
80,25,Ivybridge
96,26,Ivybridge
86,27,Ivybridge
117,28,Ivybridge
71,29,Ivybridge
94,3,Ivybridge
73,30,Ivybridge
110,31,Ivybridge
85,32,Ivybridge
100,33,Ivybridge
101,34,Ivybridge
108,35,Ivybridge
107,36,Ivybridge
103,37,Ivybridge
108,38,Ivybridge
114,39,Ivybridge
136,4,Ivybridge
121,40,Ivybridge
116,41,Ivybridge
127,42,Ivybridge
121,43,Ivybridge
136,44,Ivybridge
143,45,Ivybridge
124,46,Ivybridge
121,47,Ivybridge
141,48,Ivybridge
112,49,Ivybridge
152,5,Ivybridge
119,50,Ivybridge
116,51,Ivybridge
127,52,Ivybridge
79,53,Ivybridge
106,54,Ivybridge
88,55,Ivybridge
108,56,Ivybridge
107,57,Ivybridge
100,58,Ivybridge
82,59,Ivybridge
182,6,Ivybridge
108,60,Ivybridge
88,61,Ivybridge
80,62,Ivybridge
90,63,Ivybridge
81,64,Ivybridge
98,65,Ivybridge
108,66,Ivybridge
120,67,Ivybridge
89,68,Ivybridge
119,69,Ivybridge
203,7,Ivybridge
112,70,Ivybridge
89,71,Ivybridge
87,72,Ivybridge
91,73,Ivybridge
74,74,Ivybridge
58,75,Ivybridge
47,76,Ivybridge
59,77,Ivybridge
51,78,Ivybridge
42,79,Ivybridge
205,8,Ivybridge
46,80,Ivybridge
33,81,Ivybridge
34,82,Ivybridge
28,83,Ivybridge
27,84,Ivybridge
33,85,Ivybridge
16,86,Ivybridge
21,87,Ivybridge
12,88,Ivybridge
14,89,Ivybridge
211,9,Ivybridge
13,90,Ivybridge
10,91,Ivybridge
12,92,Ivybridge
8,93,Ivybridge
7,94,Ivybridge
6,95,Ivybridge
3,96,Ivybridge
1,98,Ivybridge
772,,Kingsbridge
8,0,Kingsbridge
28,1,Kingsbridge
109,10,Kingsbridge
2,100,Kingsbridge
1,104,Kingsbridge
126,11,Kingsbridge
2,112,Kingsbridge
1,116,Kingsbridge
105,12,Kingsbridge
106,13,Kingsbridge
98,14,Kingsbridge
79,15,Kingsbridge
72,16,Kingsbridge
54,17,Kingsbridge
64,18,Kingsbridge
53,19,Kingsbridge
51,2,Kingsbridge
54,20,Kingsbridge
45,21,Kingsbridge
44,22,Kingsbridge
61,23,Kingsbridge
54,24,Kingsbridge
59,25,Kingsbridge
73,26,Kingsbridge
59,27,Kingsbridge
102,28,Kingsbridge
58,29,Kingsbridge
71,3,Kingsbridge
55,30,Kingsbridge
51,31,Kingsbridge
72,32,Kingsbridge
65,33,Kingsbridge
62,34,Kingsbridge
65,35,Kingsbridge
85,36,Kingsbridge
61,37,Kingsbridge
58,38,Kingsbridge
74,39,Kingsbridge
97,4,Kingsbridge
70,40,Kingsbridge
60,41,Kingsbridge
65,42,Kingsbridge
77,43,Kingsbridge
77,44,Kingsbridge
79,45,Kingsbridge
77,46,Kingsbridge
96,47,Kingsbridge
62,48,Kingsbridge
79,49,Kingsbridge
99,5,Kingsbridge
68,50,Kingsbridge
56,51,Kingsbridge
65,52,Kingsbridge
66,53,Kingsbridge
67,54,Kingsbridge
48,55,Kingsbridge
90,56,Kingsbridge
56,57,Kingsbridge
81,58,Kingsbridge
75,59,Kingsbridge
116,6,Kingsbridge
61,60,Kingsbridge
73,61,Kingsbridge
71,62,Kingsbridge
79,63,Kingsbridge
94,64,Kingsbridge
93,65,Kingsbridge
99,66,Kingsbridge
90,67,Kingsbridge
88,68,Kingsbridge
132,69,Kingsbridge
121,7,Kingsbridge
97,70,Kingsbridge
81,71,Kingsbridge
101,72,Kingsbridge
76,73,Kingsbridge
68,74,Kingsbridge
63,75,Kingsbridge
68,76,Kingsbridge
49,77,Kingsbridge
65,78,Kingsbridge
41,79,Kingsbridge
102,8,Kingsbridge
45,80,Kingsbridge
52,81,Kingsbridge
37,82,Kingsbridge
34,83,Kingsbridge
39,84,Kingsbridge
38,85,Kingsbridge
27,86,Kingsbridge
23,87,Kingsbridge
23,88,Kingsbridge
23,89,Kingsbridge
121,9,Kingsbridge
17,90,Kingsbridge
18,91,Kingsbridge
11,92,Kingsbridge
6,93,Kingsbridge
7,94,Kingsbridge
6,95,Kingsbridge
7,96,Kingsbridge
2,97,Kingsbridge
3,98,Kingsbridge
3,99,Kingsbridge
84,,Lynton and Lynmouth
19,10,Lynton and Lynmouth
16,11,Lynton and Lynmouth
10,12,Lynton and Lynmouth
18,13,Lynton and Lynmouth
17,14,Lynton and Lynmouth
11,15,Lynton and Lynmouth
14,16,Lynton and Lynmouth
15,17,Lynton and Lynmouth
23,18,Lynton and Lynmouth
11,19,Lynton and Lynmouth
4,2,Lynton and Lynmouth
11,20,Lynton and Lynmouth
12,21,Lynton and Lynmouth
8,22,Lynton and Lynmouth
11,23,Lynton and Lynmouth
6,24,Lynton and Lynmouth
8,25,Lynton and Lynmouth
8,26,Lynton and Lynmouth
19,27,Lynton and Lynmouth
15,28,Lynton and Lynmouth
10,29,Lynton and Lynmouth
3,3,Lynton and Lynmouth
5,30,Lynton and Lynmouth
15,31,Lynton and Lynmouth
8,32,Lynton and Lynmouth
8,33,Lynton and Lynmouth
8,34,Lynton and Lynmouth
14,35,Lynton and Lynmouth
5,36,Lynton and Lynmouth
20,37,Lynton and Lynmouth
8,38,Lynton and Lynmouth
5,39,Lynton and Lynmouth
8,4,Lynton and Lynmouth
10,40,Lynton and Lynmouth
12,41,Lynton and Lynmouth
9,42,Lynton and Lynmouth
13,43,Lynton and Lynmouth
4,44,Lynton and Lynmouth
8,45,Lynton and Lynmouth
6,46,Lynton and Lynmouth
12,47,Lynton and Lynmouth
12,48,Lynton and Lynmouth
6,49,Lynton and Lynmouth
8,5,Lynton and Lynmouth
8,50,Lynton and Lynmouth
3,51,Lynton and Lynmouth
16,52,Lynton and Lynmouth
9,53,Lynton and Lynmouth
6,54,Lynton and Lynmouth
5,55,Lynton and Lynmouth
8,56,Lynton and Lynmouth
10,57,Lynton and Lynmouth
8,58,Lynton and Lynmouth
4,59,Lynton and Lynmouth
10,6,Lynton and Lynmouth
13,60,Lynton and Lynmouth
10,61,Lynton and Lynmouth
12,62,Lynton and Lynmouth
10,63,Lynton and Lynmouth
11,64,Lynton and Lynmouth
13,65,Lynton and Lynmouth
14,66,Lynton and Lynmouth
16,67,Lynton and Lynmouth
20,68,Lynton and Lynmouth
17,69,Lynton and Lynmouth
9,7,Lynton and Lynmouth
17,70,Lynton and Lynmouth
13,71,Lynton and Lynmouth
11,72,Lynton and Lynmouth
7,73,Lynton and Lynmouth
5,74,Lynton and Lynmouth
2,75,Lynton and Lynmouth
7,76,Lynton and Lynmouth
5,77,Lynton and Lynmouth
5,78,Lynton and Lynmouth
9,79,Lynton and Lynmouth
12,8,Lynton and Lynmouth
3,80,Lynton and Lynmouth
1,81,Lynton and Lynmouth
2,82,Lynton and Lynmouth
2,83,Lynton and Lynmouth
1,84,Lynton and Lynmouth
5,85,Lynton and Lynmouth
2,86,Lynton and Lynmouth
2,87,Lynton and Lynmouth
3,88,Lynton and Lynmouth
1,89,Lynton and Lynmouth
9,9,Lynton and Lynmouth
1,91,Lynton and Lynmouth
1,98,Lynton and Lynmouth
150,,Moretonhampstead
9,1,Moretonhampstead
24,10,Moretonhampstead
1,100,Moretonhampstead
33,11,Moretonhampstead
1,116,Moretonhampstead
24,12,Moretonhampstead
28,13,Moretonhampstead
23,14,Moretonhampstead
23,15,Moretonhampstead
16,16,Moretonhampstead
14,17,Moretonhampstead
16,18,Moretonhampstead
16,19,Moretonhampstead
13,2,Moretonhampstead
14,20,Moretonhampstead
11,21,Moretonhampstead
14,22,Moretonhampstead
6,23,Moretonhampstead
13,24,Moretonhampstead
13,25,Moretonhampstead
12,26,Moretonhampstead
7,27,Moretonhampstead
8,28,Moretonhampstead
12,29,Moretonhampstead
20,3,Moretonhampstead
5,30,Moretonhampstead
11,31,Moretonhampstead
15,32,Moretonhampstead
8,33,Moretonhampstead
16,34,Moretonhampstead
14,35,Moretonhampstead
15,36,Moretonhampstead
15,37,Moretonhampstead
13,38,Moretonhampstead
15,39,Moretonhampstead
12,4,Moretonhampstead
17,40,Moretonhampstead
20,41,Moretonhampstead
16,42,Moretonhampstead
17,43,Moretonhampstead
18,44,Moretonhampstead
17,45,Moretonhampstead
19,46,Moretonhampstead
11,47,Moretonhampstead
12,48,Moretonhampstead
11,49,Moretonhampstead
29,5,Moretonhampstead
5,50,Moretonhampstead
14,51,Moretonhampstead
11,52,Moretonhampstead
18,53,Moretonhampstead
12,54,Moretonhampstead
13,55,Moretonhampstead
18,56,Moretonhampstead
15,57,Moretonhampstead
12,58,Moretonhampstead
13,59,Moretonhampstead
21,6,Moretonhampstead
11,60,Moretonhampstead
16,61,Moretonhampstead
17,62,Moretonhampstead
19,63,Moretonhampstead
13,64,Moretonhampstead
13,65,Moretonhampstead
15,66,Moretonhampstead
20,67,Moretonhampstead
23,68,Moretonhampstead
32,69,Moretonhampstead
31,7,Moretonhampstead
25,70,Moretonhampstead
18,71,Moretonhampstead
14,72,Moretonhampstead
13,73,Moretonhampstead
13,74,Moretonhampstead
3,75,Moretonhampstead
6,76,Moretonhampstead
12,77,Moretonhampstead
12,78,Moretonhampstead
5,79,Moretonhampstead
29,8,Moretonhampstead
5,80,Moretonhampstead
9,81,Moretonhampstead
7,82,Moretonhampstead
5,83,Moretonhampstead
2,84,Moretonhampstead
2,85,Moretonhampstead
7,86,Moretonhampstead
3,87,Moretonhampstead
2,88,Moretonhampstead
1,89,Moretonhampstead
24,9,Moretonhampstead
4,90,Moretonhampstead
3,91,Moretonhampstead
3,92,Moretonhampstead
2,93,Moretonhampstead
1,94,Moretonhampstead
2,95,Moretonhampstead
2,96,Moretonhampstead
1847,,Newton Abbot
40,0,Newton Abbot
107,1,Newton Abbot
516,10,Newton Abbot
1,100,Newton Abbot
2,101,Newton Abbot
1,102,Newton Abbot
1,103,Newton Abbot
1,105,Newton Abbot
1,106,Newton Abbot
524,11,Newton Abbot
2,112,Newton Abbot
3,113,Newton Abbot
1,114,Newton Abbot
3,115,Newton Abbot
10,116,Newton Abbot
486,12,Newton Abbot
435,13,Newton Abbot
309,14,Newton Abbot
342,15,Newton Abbot
272,16,Newton Abbot
287,17,Newton Abbot
274,18,Newton Abbot
269,19,Newton Abbot
172,2,Newton Abbot
253,20,Newton Abbot
241,21,Newton Abbot
254,22,Newton Abbot
207,23,Newton Abbot
213,24,Newton Abbot
272,25,Newton Abbot
253,26,Newton Abbot
272,27,Newton Abbot
282,28,Newton Abbot
267,29,Newton Abbot
288,3,Newton Abbot
248,30,Newton Abbot
261,31,Newton Abbot
240,32,Newton Abbot
260,33,Newton Abbot
249,34,Newton Abbot
263,35,Newton Abbot
277,36,Newton Abbot
294,37,Newton Abbot
268,38,Newton Abbot
258,39,Newton Abbot
363,4,Newton Abbot
256,40,Newton Abbot
237,41,Newton Abbot
265,42,Newton Abbot
247,43,Newton Abbot
279,44,Newton Abbot
258,45,Newton Abbot
229,46,Newton Abbot
199,47,Newton Abbot
247,48,Newton Abbot
237,49,Newton Abbot
411,5,Newton Abbot
233,50,Newton Abbot
225,51,Newton Abbot
212,52,Newton Abbot
196,53,Newton Abbot
194,54,Newton Abbot
188,55,Newton Abbot
199,56,Newton Abbot
159,57,Newton Abbot
171,58,Newton Abbot
171,59,Newton Abbot
473,6,Newton Abbot
208,60,Newton Abbot
185,61,Newton Abbot
192,62,Newton Abbot
204,63,Newton Abbot
204,64,Newton Abbot
192,65,Newton Abbot
222,66,Newton Abbot
220,67,Newton Abbot
236,68,Newton Abbot
273,69,Newton Abbot
537,7,Newton Abbot
243,70,Newton Abbot
212,71,Newton Abbot
204,72,Newton Abbot
178,73,Newton Abbot
176,74,Newton Abbot
127,75,Newton Abbot
114,76,Newton Abbot
117,77,Newton Abbot
118,78,Newton Abbot
93,79,Newton Abbot
508,8,Newton Abbot
104,80,Newton Abbot
99,81,Newton Abbot
72,82,Newton Abbot
86,83,Newton Abbot
55,84,Newton Abbot
62,85,Newton Abbot
71,86,Newton Abbot
39,87,Newton Abbot
45,88,Newton Abbot
29,89,Newton Abbot
537,9,Newton Abbot
24,90,Newton Abbot
19,91,Newton Abbot
24,92,Newton Abbot
23,93,Newton Abbot
13,94,Newton Abbot
12,95,Newton Abbot
9,96,Newton Abbot
6,97,Newton Abbot
4,98,Newton Abbot
714,,Okehampton
23,0,Okehampton
56,1,Okehampton
162,10,Okehampton
178,11,Okehampton
1,115,Okehampton
2,116,Okehampton
173,12,Okehampton
141,13,Okehampton
123,14,Okehampton
126,15,Okehampton
99,16,Okehampton
92,17,Okehampton
130,18,Okehampton
88,19,Okehampton
106,2,Okehampton
83,20,Okehampton
84,21,Okehampton
82,22,Okehampton
79,23,Okehampton
93,24,Okehampton
90,25,Okehampton
82,26,Okehampton
98,27,Okehampton
111,28,Okehampton
88,29,Okehampton
116,3,Okehampton
68,30,Okehampton
91,31,Okehampton
93,32,Okehampton
115,33,Okehampton
107,34,Okehampton
98,35,Okehampton
144,36,Okehampton
121,37,Okehampton
86,38,Okehampton
121,39,Okehampton
174,4,Okehampton
92,40,Okehampton
97,41,Okehampton
103,42,Okehampton
104,43,Okehampton
98,44,Okehampton
101,45,Okehampton
91,46,Okehampton
91,47,Okehampton
106,48,Okehampton
103,49,Okehampton
159,5,Okehampton
78,50,Okehampton
97,51,Okehampton
82,52,Okehampton
93,53,Okehampton
77,54,Okehampton
88,55,Okehampton
97,56,Okehampton
76,57,Okehampton
70,58,Okehampton
91,59,Okehampton
169,6,Okehampton
85,60,Okehampton
84,61,Okehampton
69,62,Okehampton
71,63,Okehampton
88,64,Okehampton
82,65,Okehampton
75,66,Okehampton
93,67,Okehampton
106,68,Okehampton
121,69,Okehampton
179,7,Okehampton
98,70,Okehampton
67,71,Okehampton
81,72,Okehampton
90,73,Okehampton
68,74,Okehampton
54,75,Okehampton
50,76,Okehampton
59,77,Okehampton
40,78,Okehampton
47,79,Okehampton
180,8,Okehampton
34,80,Okehampton
26,81,Okehampton
40,82,Okehampton
19,83,Okehampton
29,84,Okehampton
22,85,Okehampton
22,86,Okehampton
17,87,Okehampton
13,88,Okehampton
11,89,Okehampton
201,9,Okehampton
16,90,Okehampton
6,91,Okehampton
6,92,Okehampton
5,93,Okehampton
1,94,Okehampton
1,95,Okehampton
2,96,Okehampton
2,97,Okehampton
1,99,Okehampton
481,,Ottery St Mary
7,0,Ottery St Mary
23,1,Ottery St Mary
107,10,Ottery St Mary
2,106,Ottery St Mary
127,11,Ottery St Mary
1,116,Ottery St Mary
118,12,Ottery St Mary
95,13,Ottery St Mary
97,14,Ottery St Mary
84,15,Ottery St Mary
84,16,Ottery St Mary
66,17,Ottery St Mary
73,18,Ottery St Mary
76,19,Ottery St Mary
35,2,Ottery St Mary
53,20,Ottery St Mary
50,21,Ottery St Mary
59,22,Ottery St Mary
39,23,Ottery St Mary
41,24,Ottery St Mary
39,25,Ottery St Mary
37,26,Ottery St Mary
37,27,Ottery St Mary
52,28,Ottery St Mary
38,29,Ottery St Mary
52,3,Ottery St Mary
31,30,Ottery St Mary
38,31,Ottery St Mary
37,32,Ottery St Mary
29,33,Ottery St Mary
39,34,Ottery St Mary
44,35,Ottery St Mary
42,36,Ottery St Mary
53,37,Ottery St Mary
52,38,Ottery St Mary
49,39,Ottery St Mary
78,4,Ottery St Mary
71,40,Ottery St Mary
61,41,Ottery St Mary
74,42,Ottery St Mary
57,43,Ottery St Mary
66,44,Ottery St Mary
67,45,Ottery St Mary
46,46,Ottery St Mary
61,47,Ottery St Mary
50,48,Ottery St Mary
45,49,Ottery St Mary
103,5,Ottery St Mary
50,50,Ottery St Mary
46,51,Ottery St Mary
43,52,Ottery St Mary
46,53,Ottery St Mary
50,54,Ottery St Mary
41,55,Ottery St Mary
46,56,Ottery St Mary
45,57,Ottery St Mary
45,58,Ottery St Mary
38,59,Ottery St Mary
86,6,Ottery St Mary
37,60,Ottery St Mary
38,61,Ottery St Mary
33,62,Ottery St Mary
54,63,Ottery St Mary
33,64,Ottery St Mary
46,65,Ottery St Mary
42,66,Ottery St Mary
62,67,Ottery St Mary
50,68,Ottery St Mary
71,69,Ottery St Mary
109,7,Ottery St Mary
54,70,Ottery St Mary
40,71,Ottery St Mary
61,72,Ottery St Mary
35,73,Ottery St Mary
42,74,Ottery St Mary
26,75,Ottery St Mary
31,76,Ottery St Mary
24,77,Ottery St Mary
18,78,Ottery St Mary
20,79,Ottery St Mary
128,8,Ottery St Mary
25,80,Ottery St Mary
19,81,Ottery St Mary
12,82,Ottery St Mary
12,83,Ottery St Mary
17,84,Ottery St Mary
15,85,Ottery St Mary
14,86,Ottery St Mary
12,87,Ottery St Mary
9,88,Ottery St Mary
7,89,Ottery St Mary
134,9,Ottery St Mary
4,90,Ottery St Mary
3,91,Ottery St Mary
3,92,Ottery St Mary
1,93,Ottery St Mary
3,94,Ottery St Mary
1,96,Ottery St Mary
3,97,Ottery St Mary
1,99,Ottery St Mary
13,,Outside DCC - Torbay
4,10,Outside DCC - Torbay
2,11,Outside DCC - Torbay
1,12,Outside DCC - Torbay
1,13,Outside DCC - Torbay
4,14,Outside DCC - Torbay
2,15,Outside DCC - Torbay
3,16,Outside DCC - Torbay
3,17,Outside DCC - Torbay
2,18,Outside DCC - Torbay
1,19,Outside DCC - Torbay
2,20,Outside DCC - Torbay
2,21,Outside DCC - Torbay
2,22,Outside DCC - Torbay
3,23,Outside DCC - Torbay
2,24,Outside DCC - Torbay
1,25,Outside DCC - Torbay
5,26,Outside DCC - Torbay
4,27,Outside DCC - Torbay
7,28,Outside DCC - Torbay
2,29,Outside DCC - Torbay
1,30,Outside DCC - Torbay
4,31,Outside DCC - Torbay
1,33,Outside DCC - Torbay
1,34,Outside DCC - Torbay
1,35,Outside DCC - Torbay
2,36,Outside DCC - Torbay
1,37,Outside DCC - Torbay
2,38,Outside DCC - Torbay
1,39,Outside DCC - Torbay
2,41,Outside DCC - Torbay
4,42,Outside DCC - Torbay
4,43,Outside DCC - Torbay
2,44,Outside DCC - Torbay
3,45,Outside DCC - Torbay
3,46,Outside DCC - Torbay
4,47,Outside DCC - Torbay
4,48,Outside DCC - Torbay
3,49,Outside DCC - Torbay
2,5,Outside DCC - Torbay
5,50,Outside DCC - Torbay
6,51,Outside DCC - Torbay
3,52,Outside DCC - Torbay
7,53,Outside DCC - Torbay
2,54,Outside DCC - Torbay
3,55,Outside DCC - Torbay
6,56,Outside DCC - Torbay
6,57,Outside DCC - Torbay
3,58,Outside DCC - Torbay
1,59,Outside DCC - Torbay
2,6,Outside DCC - Torbay
7,60,Outside DCC - Torbay
3,61,Outside DCC - Torbay
5,62,Outside DCC - Torbay
4,63,Outside DCC - Torbay
2,64,Outside DCC - Torbay
5,65,Outside DCC - Torbay
3,66,Outside DCC - Torbay
2,67,Outside DCC - Torbay
4,68,Outside DCC - Torbay
2,69,Outside DCC - Torbay
2,7,Outside DCC - Torbay
7,70,Outside DCC - Torbay
4,72,Outside DCC - Torbay
4,73,Outside DCC - Torbay
5,74,Outside DCC - Torbay
2,75,Outside DCC - Torbay
2,76,Outside DCC - Torbay
1,77,Outside DCC - Torbay
1,78,Outside DCC - Torbay
1,8,Outside DCC - Torbay
2,80,Outside DCC - Torbay
1,82,Outside DCC - Torbay
1,85,Outside DCC - Torbay
1,86,Outside DCC - Torbay
1,87,Outside DCC - Torbay
1,9,Outside DCC - Torbay
877,,Seaton
3,0,Seaton
17,1,Seaton
83,10,Seaton
1,104,Seaton
1,106,Seaton
83,11,Seaton
3,116,Seaton
84,12,Seaton
75,13,Seaton
89,14,Seaton
73,15,Seaton
63,16,Seaton
60,17,Seaton
83,18,Seaton
71,19,Seaton
26,2,Seaton
69,20,Seaton
55,21,Seaton
57,22,Seaton
53,23,Seaton
49,24,Seaton
47,25,Seaton
49,26,Seaton
37,27,Seaton
63,28,Seaton
38,29,Seaton
31,3,Seaton
37,30,Seaton
29,31,Seaton
44,32,Seaton
31,33,Seaton
52,34,Seaton
40,35,Seaton
53,36,Seaton
43,37,Seaton
43,38,Seaton
33,39,Seaton
60,4,Seaton
48,40,Seaton
51,41,Seaton
55,42,Seaton
43,43,Seaton
53,44,Seaton
41,45,Seaton
58,46,Seaton
49,47,Seaton
43,48,Seaton
49,49,Seaton
70,5,Seaton
48,50,Seaton
46,51,Seaton
50,52,Seaton
58,53,Seaton
44,54,Seaton
53,55,Seaton
47,56,Seaton
49,57,Seaton
51,58,Seaton
45,59,Seaton
73,6,Seaton
58,60,Seaton
52,61,Seaton
72,62,Seaton
71,63,Seaton
71,64,Seaton
66,65,Seaton
74,66,Seaton
82,67,Seaton
98,68,Seaton
99,69,Seaton
65,7,Seaton
103,70,Seaton
73,71,Seaton
62,72,Seaton
70,73,Seaton
61,74,Seaton
51,75,Seaton
68,76,Seaton
44,77,Seaton
49,78,Seaton
42,79,Seaton
88,8,Seaton
31,80,Seaton
24,81,Seaton
27,82,Seaton
19,83,Seaton
22,84,Seaton
19,85,Seaton
17,86,Seaton
23,87,Seaton
11,88,Seaton
14,89,Seaton
72,9,Seaton
9,90,Seaton
4,91,Seaton
12,92,Seaton
3,93,Seaton
3,94,Seaton
4,95,Seaton
4,96,Seaton
2,99,Seaton
1201,,Sidmouth
6,0,Sidmouth
32,1,Sidmouth
113,10,Sidmouth
3,100,Sidmouth
1,102,Sidmouth
112,11,Sidmouth
1,112,Sidmouth
1,114,Sidmouth
3,116,Sidmouth
85,12,Sidmouth
93,13,Sidmouth
61,14,Sidmouth
70,15,Sidmouth
85,16,Sidmouth
51,17,Sidmouth
64,18,Sidmouth
70,19,Sidmouth
45,2,Sidmouth
66,20,Sidmouth
54,21,Sidmouth
60,22,Sidmouth
57,23,Sidmouth
68,24,Sidmouth
65,25,Sidmouth
79,26,Sidmouth
56,27,Sidmouth
107,28,Sidmouth
64,29,Sidmouth
75,3,Sidmouth
72,30,Sidmouth
49,31,Sidmouth
57,32,Sidmouth
46,33,Sidmouth
67,34,Sidmouth
56,35,Sidmouth
65,36,Sidmouth
65,37,Sidmouth
60,38,Sidmouth
58,39,Sidmouth
66,4,Sidmouth
75,40,Sidmouth
48,41,Sidmouth
57,42,Sidmouth
65,43,Sidmouth
57,44,Sidmouth
73,45,Sidmouth
69,46,Sidmouth
71,47,Sidmouth
64,48,Sidmouth
54,49,Sidmouth
86,5,Sidmouth
56,50,Sidmouth
69,51,Sidmouth
69,52,Sidmouth
61,53,Sidmouth
52,54,Sidmouth
81,55,Sidmouth
61,56,Sidmouth
66,57,Sidmouth
74,58,Sidmouth
68,59,Sidmouth
90,6,Sidmouth
80,60,Sidmouth
65,61,Sidmouth
81,62,Sidmouth
103,63,Sidmouth
93,64,Sidmouth
104,65,Sidmouth
139,66,Sidmouth
133,67,Sidmouth
131,68,Sidmouth
142,69,Sidmouth
87,7,Sidmouth
113,70,Sidmouth
96,71,Sidmouth
122,72,Sidmouth
110,73,Sidmouth
86,74,Sidmouth
84,75,Sidmouth
74,76,Sidmouth
84,77,Sidmouth
79,78,Sidmouth
68,79,Sidmouth
96,8,Sidmouth
65,80,Sidmouth
65,81,Sidmouth
50,82,Sidmouth
51,83,Sidmouth
46,84,Sidmouth
44,85,Sidmouth
45,86,Sidmouth
40,87,Sidmouth
26,88,Sidmouth
30,89,Sidmouth
91,9,Sidmouth
23,90,Sidmouth
16,91,Sidmouth
9,92,Sidmouth
9,93,Sidmouth
16,94,Sidmouth
12,95,Sidmouth
7,96,Sidmouth
3,97,Sidmouth
1,98,Sidmouth
258,,South Molton
3,0,South Molton
21,1,South Molton
120,10,South Molton
1,102,South Molton
113,11,South Molton
2,112,South Molton
1,113,South Molton
2,116,South Molton
107,12,South Molton
83,13,South Molton
67,14,South Molton
67,15,South Molton
52,16,South Molton
76,17,South Molton
63,18,South Molton
64,19,South Molton
39,2,South Molton
63,20,South Molton
58,21,South Molton
67,22,South Molton
64,23,South Molton
78,24,South Molton
51,25,South Molton
45,26,South Molton
77,27,South Molton
161,28,South Molton
44,29,South Molton
55,3,South Molton
58,30,South Molton
73,31,South Molton
58,32,South Molton
49,33,South Molton
59,34,South Molton
60,35,South Molton
74,36,South Molton
59,37,South Molton
44,38,South Molton
46,39,South Molton
80,4,South Molton
62,40,South Molton
56,41,South Molton
56,42,South Molton
41,43,South Molton
61,44,South Molton
53,45,South Molton
54,46,South Molton
63,47,South Molton
53,48,South Molton
40,49,South Molton
90,5,South Molton
52,50,South Molton
61,51,South Molton
40,52,South Molton
50,53,South Molton
53,54,South Molton
40,55,South Molton
51,56,South Molton
50,57,South Molton
44,58,South Molton
43,59,South Molton
76,6,South Molton
37,60,South Molton
43,61,South Molton
51,62,South Molton
43,63,South Molton
52,64,South Molton
56,65,South Molton
48,66,South Molton
56,67,South Molton
61,68,South Molton
73,69,South Molton
103,7,South Molton
56,70,South Molton
51,71,South Molton
52,72,South Molton
43,73,South Molton
33,74,South Molton
22,75,South Molton
35,76,South Molton
27,77,South Molton
22,78,South Molton
31,79,South Molton
91,8,South Molton
16,80,South Molton
24,81,South Molton
15,82,South Molton
17,83,South Molton
20,84,South Molton
13,85,South Molton
17,86,South Molton
11,87,South Molton
10,88,South Molton
7,89,South Molton
94,9,South Molton
12,90,South Molton
5,91,South Molton
7,92,South Molton
2,93,South Molton
4,94,South Molton
2,95,South Molton
2,96,South Molton
2,98,South Molton
1,99,South Molton
762,,Tavistock
25,0,Tavistock
47,1,Tavistock
223,10,Tavistock
2,100,Tavistock
1,101,Tavistock
1,105,Tavistock
185,11,Tavistock
3,113,Tavistock
1,114,Tavistock
3,115,Tavistock
3,116,Tavistock
213,12,Tavistock
191,13,Tavistock
158,14,Tavistock
148,15,Tavistock
125,16,Tavistock
130,17,Tavistock
150,18,Tavistock
129,19,Tavistock
88,2,Tavistock
130,20,Tavistock
119,21,Tavistock
127,22,Tavistock
88,23,Tavistock
85,24,Tavistock
95,25,Tavistock
96,26,Tavistock
89,27,Tavistock
146,28,Tavistock
99,29,Tavistock
108,3,Tavistock
113,30,Tavistock
101,31,Tavistock
104,32,Tavistock
101,33,Tavistock
88,34,Tavistock
105,35,Tavistock
116,36,Tavistock
114,37,Tavistock
111,38,Tavistock
99,39,Tavistock
132,4,Tavistock
99,40,Tavistock
109,41,Tavistock
120,42,Tavistock
120,43,Tavistock
138,44,Tavistock
126,45,Tavistock
137,46,Tavistock
123,47,Tavistock
104,48,Tavistock
103,49,Tavistock
186,5,Tavistock
119,50,Tavistock
119,51,Tavistock
114,52,Tavistock
89,53,Tavistock
98,54,Tavistock
116,55,Tavistock
140,56,Tavistock
88,57,Tavistock
108,58,Tavistock
87,59,Tavistock
197,6,Tavistock
97,60,Tavistock
118,61,Tavistock
125,62,Tavistock
121,63,Tavistock
103,64,Tavistock
108,65,Tavistock
130,66,Tavistock
128,67,Tavistock
123,68,Tavistock
139,69,Tavistock
225,7,Tavistock
145,70,Tavistock
106,71,Tavistock
126,72,Tavistock
83,73,Tavistock
83,74,Tavistock
72,75,Tavistock
119,76,Tavistock
70,77,Tavistock
52,78,Tavistock
45,79,Tavistock
213,8,Tavistock
48,80,Tavistock
50,81,Tavistock
34,82,Tavistock
41,83,Tavistock
35,84,Tavistock
30,85,Tavistock
21,86,Tavistock
30,87,Tavistock
21,88,Tavistock
14,89,Tavistock
246,9,Tavistock
18,90,Tavistock
20,91,Tavistock
8,92,Tavistock
6,93,Tavistock
10,94,Tavistock
6,95,Tavistock
3,96,Tavistock
3,97,Tavistock
4,98,Tavistock
1,99,Tavistock
644,,Teignmouth
8,0,Teignmouth
29,1,Teignmouth
149,10,Teignmouth
1,100,Teignmouth
1,101,Teignmouth
129,11,Teignmouth
1,114,Teignmouth
3,116,Teignmouth
97,12,Teignmouth
100,13,Teignmouth
102,14,Teignmouth
73,15,Teignmouth
52,16,Teignmouth
72,17,Teignmouth
67,18,Teignmouth
77,19,Teignmouth
42,2,Teignmouth
72,20,Teignmouth
72,21,Teignmouth
79,22,Teignmouth
77,23,Teignmouth
92,24,Teignmouth
62,25,Teignmouth
83,26,Teignmouth
64,27,Teignmouth
148,28,Teignmouth
61,29,Teignmouth
86,3,Teignmouth
76,30,Teignmouth
82,31,Teignmouth
93,32,Teignmouth
86,33,Teignmouth
78,34,Teignmouth
73,35,Teignmouth
96,36,Teignmouth
82,37,Teignmouth
85,38,Teignmouth
72,39,Teignmouth
98,4,Teignmouth
75,40,Teignmouth
74,41,Teignmouth
85,42,Teignmouth
86,43,Teignmouth
87,44,Teignmouth
105,45,Teignmouth
89,46,Teignmouth
79,47,Teignmouth
81,48,Teignmouth
65,49,Teignmouth
108,5,Teignmouth
66,50,Teignmouth
69,51,Teignmouth
83,52,Teignmouth
61,53,Teignmouth
66,54,Teignmouth
55,55,Teignmouth
68,56,Teignmouth
68,57,Teignmouth
72,58,Teignmouth
73,59,Teignmouth
123,6,Teignmouth
64,60,Teignmouth
81,61,Teignmouth
78,62,Teignmouth
80,63,Teignmouth
96,64,Teignmouth
82,65,Teignmouth
92,66,Teignmouth
102,67,Teignmouth
81,68,Teignmouth
112,69,Teignmouth
130,7,Teignmouth
98,70,Teignmouth
73,71,Teignmouth
68,72,Teignmouth
62,73,Teignmouth
53,74,Teignmouth
47,75,Teignmouth
46,76,Teignmouth
31,77,Teignmouth
32,78,Teignmouth
37,79,Teignmouth
136,8,Teignmouth
27,80,Teignmouth
25,81,Teignmouth
30,82,Teignmouth
18,83,Teignmouth
30,84,Teignmouth
19,85,Teignmouth
12,86,Teignmouth
13,87,Teignmouth
18,88,Teignmouth
10,89,Teignmouth
128,9,Teignmouth
9,90,Teignmouth
7,91,Teignmouth
5,92,Teignmouth
6,93,Teignmouth
3,94,Teignmouth
3,95,Teignmouth
2,96,Teignmouth
5,97,Teignmouth
2,99,Teignmouth
1143,,Tiverton
19,0,Tiverton
67,1,Tiverton
330,10,Tiverton
295,11,Tiverton
1,114,Tiverton
4,115,Tiverton
5,116,Tiverton
244,12,Tiverton
273,13,Tiverton
219,14,Tiverton
207,15,Tiverton
180,16,Tiverton
191,17,Tiverton
202,18,Tiverton
150,19,Tiverton
98,2,Tiverton
178,20,Tiverton
138,21,Tiverton
155,22,Tiverton
147,23,Tiverton
160,24,Tiverton
171,25,Tiverton
141,26,Tiverton
159,27,Tiverton
228,28,Tiverton
175,29,Tiverton
140,3,Tiverton
162,30,Tiverton
186,31,Tiverton
174,32,Tiverton
162,33,Tiverton
168,34,Tiverton
178,35,Tiverton
183,36,Tiverton
149,37,Tiverton
158,38,Tiverton
146,39,Tiverton
200,4,Tiverton
153,40,Tiverton
139,41,Tiverton
148,42,Tiverton
113,43,Tiverton
153,44,Tiverton
167,45,Tiverton
144,46,Tiverton
161,47,Tiverton
145,48,Tiverton
135,49,Tiverton
223,5,Tiverton
141,50,Tiverton
133,51,Tiverton
135,52,Tiverton
116,53,Tiverton
103,54,Tiverton
88,55,Tiverton
104,56,Tiverton
99,57,Tiverton
94,58,Tiverton
107,59,Tiverton
254,6,Tiverton
106,60,Tiverton
102,61,Tiverton
122,62,Tiverton
122,63,Tiverton
130,64,Tiverton
95,65,Tiverton
110,66,Tiverton
128,67,Tiverton
142,68,Tiverton
126,69,Tiverton
279,7,Tiverton
133,70,Tiverton
118,71,Tiverton
95,72,Tiverton
105,73,Tiverton
97,74,Tiverton
82,75,Tiverton
68,76,Tiverton
66,77,Tiverton
76,78,Tiverton
59,79,Tiverton
279,8,Tiverton
45,80,Tiverton
60,81,Tiverton
47,82,Tiverton
31,83,Tiverton
35,84,Tiverton
37,85,Tiverton
37,86,Tiverton
22,87,Tiverton
17,88,Tiverton
23,89,Tiverton
320,9,Tiverton
22,90,Tiverton
18,91,Tiverton
7,92,Tiverton
10,93,Tiverton
6,94,Tiverton
4,95,Tiverton
3,96,Tiverton
1,97,Tiverton
2,98,Tiverton
516,,Totnes
9,0,Totnes
38,1,Totnes
159,10,Totnes
1,100,Totnes
1,106,Totnes
139,11,Totnes
4,112,Totnes
1,115,Totnes
2,116,Totnes
170,12,Totnes
159,13,Totnes
153,14,Totnes
112,15,Totnes
120,16,Totnes
116,17,Totnes
88,18,Totnes
93,19,Totnes
54,2,Totnes
89,20,Totnes
81,21,Totnes
80,22,Totnes
89,23,Totnes
82,24,Totnes
76,25,Totnes
73,26,Totnes
85,27,Totnes
107,28,Totnes
99,29,Totnes
88,3,Totnes
90,30,Totnes
92,31,Totnes
85,32,Totnes
111,33,Totnes
89,34,Totnes
109,35,Totnes
103,36,Totnes
107,37,Totnes
116,38,Totnes
119,39,Totnes
95,4,Totnes
142,40,Totnes
116,41,Totnes
122,42,Totnes
126,43,Totnes
105,44,Totnes
131,45,Totnes
139,46,Totnes
117,47,Totnes
126,48,Totnes
142,49,Totnes
104,5,Totnes
108,50,Totnes
113,51,Totnes
117,52,Totnes
113,53,Totnes
92,54,Totnes
104,55,Totnes
103,56,Totnes
97,57,Totnes
105,58,Totnes
100,59,Totnes
123,6,Totnes
104,60,Totnes
78,61,Totnes
112,62,Totnes
99,63,Totnes
107,64,Totnes
112,65,Totnes
114,66,Totnes
99,67,Totnes
96,68,Totnes
125,69,Totnes
133,7,Totnes
91,70,Totnes
72,71,Totnes
67,72,Totnes
87,73,Totnes
46,74,Totnes
41,75,Totnes
67,76,Totnes
32,77,Totnes
37,78,Totnes
27,79,Totnes
150,8,Totnes
34,80,Totnes
32,81,Totnes
28,82,Totnes
21,83,Totnes
30,84,Totnes
16,85,Totnes
15,86,Totnes
18,87,Totnes
20,88,Totnes
14,89,Totnes
173,9,Totnes
12,90,Totnes
9,91,Totnes
6,92,Totnes
7,93,Totnes
4,95,Totnes
1,97,Totnes
1,98,Totnes
6252,,no location
33,0,no location
46,1,no location
58,10,no location
1,101,no location
55,11,no location
6,116,no location
62,12,no location
59,13,no location
58,14,no location
68,15,no location
67,16,no location
79,17,no location
90,18,no location
45,19,no location
44,2,no location
59,20,no location
52,21,no location
56,22,no location
68,23,no location
76,24,no location
65,25,no location
81,26,no location
75,27,no location
85,28,no location
63,29,no location
56,3,no location
54,30,no location
57,31,no location
47,32,no location
58,33,no location
49,34,no location
50,35,no location
55,36,no location
39,37,no location
34,38,no location
42,39,no location
61,4,no location
49,40,no location
33,41,no location
34,42,no location
50,43,no location
51,44,no location
37,45,no location
48,46,no location
37,47,no location
37,48,no location
48,49,no location
46,5,no location
61,50,no location
51,51,no location
43,52,no location
52,53,no location
51,54,no location
45,55,no location
61,56,no location
62,57,no location
46,58,no location
55,59,no location
67,6,no location
53,60,no location
49,61,no location
64,62,no location
41,63,no location
64,64,no location
54,65,no location
66,66,no location
57,67,no location
57,68,no location
64,69,no location
58,7,no location
44,70,no location
44,71,no location
42,72,no location
34,73,no location
35,74,no location
27,75,no location
35,76,no location
17,77,no location
17,78,no location
14,79,no location
58,8,no location
23,80,no location
24,81,no location
16,82,no location
5,83,no location
7,84,no location
8,85,no location
9,86,no location
9,87,no location
5,88,no location
6,89,no location
39,9,no location
7,90,no location
6,91,no location
5,92,no location
1,93,no location
4,94,no location
1,95,no location
4,96,no location
1,97,no location
