Generated by http://opendatacommunities.org,2017-03-10T12:49:07+00:00
http://opendatacommunities.org/data/labour-force/unemployment/claimant-rate/by-age,"Claimant Count and JSA - Claimant rate, England, by District, LEP"
Reference period,2017 Jan
Measure (cell values): ,Claimant rate (%)(Percent)

,,http://opendatacommunities.org/def/concept/general-concepts/byage/1664
http://opendatacommunities.org/def/ontology/geography/refArea,Reference area,16-64
http://opendatacommunities.org/id/geography/administration/ctry/E92000001,England E92000001,1.8
http://opendatacommunities.org/id/geography/administration/lep/E37000001,Black Country E37000001,3.3
http://opendatacommunities.org/id/geography/administration/lep/E37000002,Buckinghamshire Thames Valley E37000002,0.9
http://opendatacommunities.org/id/geography/administration/lep/E37000003,Cheshire and Warrington E37000003,1.3
http://opendatacommunities.org/id/geography/administration/lep/E37000004,Coast to Capital E37000004,1.4
http://opendatacommunities.org/id/geography/administration/lep/E37000005,Cornwall and Isles of Scilly E37000005,1.5
http://opendatacommunities.org/id/geography/administration/lep/E37000006,Coventry and Warwickshire E37000006,1.4
http://opendatacommunities.org/id/geography/administration/lep/E37000007,Cumbria E37000007,1.5
http://opendatacommunities.org/id/geography/administration/lep/E37000008,"Derby, Derbyshire, Nottingham and Nottinghamshire E37000008",1.6
http://opendatacommunities.org/id/geography/administration/lep/E37000009,Dorset E37000009,1.2
http://opendatacommunities.org/id/geography/administration/lep/E37000011,Gloucestershire E37000011,1.1
http://opendatacommunities.org/id/geography/administration/lep/E37000012,Greater Birmingham and Solihull E37000012,3
http://opendatacommunities.org/id/geography/administration/lep/E37000013,Greater Cambridge and Greater Peterborough E37000013,0.8
http://opendatacommunities.org/id/geography/administration/lep/E37000014,Greater Lincolnshire E37000014,2
http://opendatacommunities.org/id/geography/administration/lep/E37000015,Greater Manchester E37000015,2.5
http://opendatacommunities.org/id/geography/administration/lep/E37000016,Heart of the South West E37000016,1.4
http://opendatacommunities.org/id/geography/administration/lep/E37000017,Hertfordshire E37000017,1.1
http://opendatacommunities.org/id/geography/administration/lep/E37000018,Humber E37000018,2.6
http://opendatacommunities.org/id/geography/administration/lep/E37000019,Lancashire E37000019,2.2
http://opendatacommunities.org/id/geography/administration/lep/E37000020,Leeds City Region E37000020,2
http://opendatacommunities.org/id/geography/administration/lep/E37000021,Leicester and Leicestershire E37000021,1.1
http://opendatacommunities.org/id/geography/administration/lep/E37000022,Liverpool City Region E37000022,2.8
http://opendatacommunities.org/id/geography/administration/lep/E37000023,London E37000023,1.9
http://opendatacommunities.org/id/geography/administration/lep/E37000024,New Anglia E37000024,1.4
http://opendatacommunities.org/id/geography/administration/lep/E37000025,North East E37000025,2.9
http://opendatacommunities.org/id/geography/administration/lep/E37000026,Northamptonshire E37000026,1.4
http://opendatacommunities.org/id/geography/administration/lep/E37000027,Oxfordshire E37000027,0.6
http://opendatacommunities.org/id/geography/administration/lep/E37000040,Sheffield City Region E37000040,2.2
http://opendatacommunities.org/id/geography/administration/lep/E37000030,South East E37000030,1.5
http://opendatacommunities.org/id/geography/administration/lep/E37000031,South East Midlands E37000031,1.3
http://opendatacommunities.org/id/geography/administration/lep/E37000032,Stoke-on-Trent and Staffordshire E37000032,1.2
http://opendatacommunities.org/id/geography/administration/lep/E37000033,Swindon and Wiltshire E37000033,1
http://opendatacommunities.org/id/geography/administration/lep/E37000034,Tees Valley E37000034,4
http://opendatacommunities.org/id/geography/administration/lep/E37000035,Thames Valley Berkshire E37000035,1
http://opendatacommunities.org/id/geography/administration/lep/E37000036,The Marches E37000036,1.2
http://opendatacommunities.org/id/geography/administration/lep/E37000037,West of England E37000037,1.3
http://opendatacommunities.org/id/geography/administration/lep/E37000038,Worcestershire E37000038,1.2
http://opendatacommunities.org/id/geography/administration/lep/E37000039,"York, North Yorkshire and East Riding E37000039",1.2
http://opendatacommunities.org/id/geography/administration/ua/E06000022,Bath and North East Somerset E06000022,1.3
http://opendatacommunities.org/id/geography/administration/ua/E06000055,Bedford E06000055,2
http://opendatacommunities.org/id/geography/administration/ua/E06000008,Blackburn with Darwen E06000008,2.7
http://opendatacommunities.org/id/geography/administration/ua/E06000009,Blackpool E06000009,4.3
http://opendatacommunities.org/id/geography/administration/ua/E06000028,Bournemouth E06000028,1.6
http://opendatacommunities.org/id/geography/administration/ua/E06000036,Bracknell Forest E06000036,0.8
http://opendatacommunities.org/id/geography/administration/ua/E06000043,Brighton and Hove E06000043,1.5
http://opendatacommunities.org/id/geography/administration/ua/E06000023,"Bristol, City of E06000023",1.7
http://opendatacommunities.org/id/geography/administration/ua/E06000056,Central Bedfordshire E06000056,0.8
http://opendatacommunities.org/id/geography/administration/ua/E06000049,Cheshire East E06000049,1.1
http://opendatacommunities.org/id/geography/administration/ua/E06000050,Cheshire West and Chester E06000050,1.4
http://opendatacommunities.org/id/geography/administration/ua/E06000052,Cornwall E06000052,1.5
http://opendatacommunities.org/id/geography/administration/ua/E06000047,County Durham E06000047,2.5
http://opendatacommunities.org/id/geography/administration/ua/E06000005,Darlington E06000005,3.5
http://opendatacommunities.org/id/geography/administration/ua/E06000015,Derby E06000015,1.5
http://opendatacommunities.org/id/geography/administration/ua/E06000011,East Riding of Yorkshire E06000011,1.5
http://opendatacommunities.org/id/geography/administration/ua/E06000006,Halton E06000006,3
http://opendatacommunities.org/id/geography/administration/ua/E06000001,Hartlepool E06000001,4.6
http://opendatacommunities.org/id/geography/administration/ua/E06000019,"Herefordshire, County of E06000019",1.1
http://opendatacommunities.org/id/geography/administration/ua/E06000046,Isle of Wight E06000046,2.1
http://opendatacommunities.org/id/geography/administration/ua/E06000053,Isles of Scilly E06000053,0.7
http://opendatacommunities.org/id/geography/administration/ua/E06000010,"Kingston upon Hull, City of E06000010",3.6
http://opendatacommunities.org/id/geography/administration/ua/E06000016,Leicester E06000016,1.6
http://opendatacommunities.org/id/geography/administration/ua/E06000032,Luton E06000032,1.8
http://opendatacommunities.org/id/geography/administration/ua/E06000035,Medway E06000035,1.9
http://opendatacommunities.org/id/geography/administration/ua/E06000002,Middlesbrough E06000002,4.9
http://opendatacommunities.org/id/geography/administration/ua/E06000042,Milton Keynes E06000042,1.4
http://opendatacommunities.org/id/geography/administration/ua/E06000012,North East Lincolnshire E06000012,3.5
http://opendatacommunities.org/id/geography/administration/ua/E06000013,North Lincolnshire E06000013,2.3
http://opendatacommunities.org/id/geography/administration/ua/E06000024,North Somerset E06000024,1
http://opendatacommunities.org/id/geography/administration/ua/E06000057,Northumberland E06000057,2.5
http://opendatacommunities.org/id/geography/administration/ua/E06000018,Nottingham E06000018,3
http://opendatacommunities.org/id/geography/administration/ua/E06000031,Peterborough E06000031,1.3
http://opendatacommunities.org/id/geography/administration/ua/E06000026,Plymouth E06000026,2.1
http://opendatacommunities.org/id/geography/administration/ua/E06000029,Poole E06000029,1.2
http://opendatacommunities.org/id/geography/administration/ua/E06000044,Portsmouth E06000044,1.5
http://opendatacommunities.org/id/geography/administration/ua/E06000038,Reading E06000038,1.5
http://opendatacommunities.org/id/geography/administration/ua/E06000003,Redcar and Cleveland E06000003,4.1
http://opendatacommunities.org/id/geography/administration/ua/E06000017,Rutland E06000017,0.5
http://opendatacommunities.org/id/geography/administration/ua/E06000051,Shropshire E06000051,1
http://opendatacommunities.org/id/geography/administration/ua/E06000039,Slough E06000039,1.4
http://opendatacommunities.org/id/geography/administration/ua/E06000025,South Gloucestershire E06000025,0.9
http://opendatacommunities.org/id/geography/administration/ua/E06000045,Southampton E06000045,1.3
http://opendatacommunities.org/id/geography/administration/ua/E06000033,Southend-on-Sea E06000033,2
http://opendatacommunities.org/id/geography/administration/ua/E06000004,Stockton-on-Tees E06000004,3.3
http://opendatacommunities.org/id/geography/administration/ua/E06000021,Stoke-on-Trent E06000021,2.1
http://opendatacommunities.org/id/geography/administration/ua/E06000030,Swindon E06000030,1.2
http://opendatacommunities.org/id/geography/administration/ua/E06000020,Telford and Wrekin E06000020,1.6
http://opendatacommunities.org/id/geography/administration/ua/E06000034,Thurrock E06000034,1.9
http://opendatacommunities.org/id/geography/administration/ua/E06000027,Torbay E06000027,2.1
http://opendatacommunities.org/id/geography/administration/ua/E06000007,Warrington E06000007,1.5
http://opendatacommunities.org/id/geography/administration/ua/E06000037,West Berkshire E06000037,0.6
http://opendatacommunities.org/id/geography/administration/ua/E06000054,Wiltshire E06000054,0.9
http://opendatacommunities.org/id/geography/administration/ua/E06000040,Windsor and Maidenhead E06000040,0.8
http://opendatacommunities.org/id/geography/administration/ua/E06000041,Wokingham E06000041,0.6
http://opendatacommunities.org/id/geography/administration/ua/E06000014,York E06000014,0.7
http://opendatacommunities.org/id/geography/administration/nmd/E07000223,Adur E07000223,1.2
http://opendatacommunities.org/id/geography/administration/nmd/E07000026,Allerdale E07000026,1.9
http://opendatacommunities.org/id/geography/administration/nmd/E07000032,Amber Valley E07000032,1.2
http://opendatacommunities.org/id/geography/administration/nmd/E07000224,Arun E07000224,1.2
http://opendatacommunities.org/id/geography/administration/nmd/E07000170,Ashfield E07000170,1.9
http://opendatacommunities.org/id/geography/administration/nmd/E07000105,Ashford E07000105,1.6
http://opendatacommunities.org/id/geography/administration/nmd/E07000004,Aylesbury Vale E07000004,0.8
http://opendatacommunities.org/id/geography/administration/nmd/E07000200,Babergh E07000200,0.8
http://opendatacommunities.org/id/geography/administration/lonb/E09000002,Barking and Dagenham E09000002,2.5
http://opendatacommunities.org/id/geography/administration/lonb/E09000003,Barnet E09000003,1.4
http://opendatacommunities.org/id/geography/administration/md/E08000016,Barnsley E08000016,2.2
http://opendatacommunities.org/id/geography/administration/nmd/E07000027,Barrow-in-Furness E07000027,2.7
http://opendatacommunities.org/id/geography/administration/nmd/E07000066,Basildon E07000066,1.8
http://opendatacommunities.org/id/geography/administration/nmd/E07000084,Basingstoke and Deane E07000084,0.8
http://opendatacommunities.org/id/geography/administration/nmd/E07000171,Bassetlaw E07000171,1.7
http://opendatacommunities.org/id/geography/administration/lonb/E09000004,Bexley E09000004,1.3
http://opendatacommunities.org/id/geography/administration/md/E08000025,Birmingham E08000025,4.3
http://opendatacommunities.org/id/geography/administration/nmd/E07000129,Blaby E07000129,0.7
http://opendatacommunities.org/id/geography/administration/nmd/E07000033,Bolsover E07000033,1.4
http://opendatacommunities.org/id/geography/administration/md/E08000001,Bolton E08000001,3
http://opendatacommunities.org/id/geography/administration/nmd/E07000136,Boston E07000136,1.5
http://opendatacommunities.org/id/geography/administration/md/E08000032,Bradford E08000032,2.7
http://opendatacommunities.org/id/geography/administration/nmd/E07000067,Braintree E07000067,1.1
http://opendatacommunities.org/id/geography/administration/nmd/E07000143,Breckland E07000143,1.1
http://opendatacommunities.org/id/geography/administration/lonb/E09000005,Brent E09000005,2.3
http://opendatacommunities.org/id/geography/administration/nmd/E07000068,Brentwood E07000068,0.8
http://opendatacommunities.org/id/geography/administration/nmd/E07000144,Broadland E07000144,0.7
http://opendatacommunities.org/id/geography/administration/lonb/E09000006,Bromley E09000006,1.1
http://opendatacommunities.org/id/geography/administration/nmd/E07000234,Bromsgrove E07000234,1
http://opendatacommunities.org/id/geography/administration/nmd/E07000095,Broxbourne E07000095,1.2
http://opendatacommunities.org/id/geography/administration/nmd/E07000172,Broxtowe E07000172,1.4
http://opendatacommunities.org/id/geography/administration/nmd/E07000117,Burnley E07000117,3.1
http://opendatacommunities.org/id/geography/administration/md/E08000002,Bury E08000002,2.3
http://opendatacommunities.org/id/geography/administration/md/E08000033,Calderdale E08000033,2
http://opendatacommunities.org/id/geography/administration/nmd/E07000008,Cambridge E07000008,0.8
http://opendatacommunities.org/id/geography/administration/lonb/E09000007,Camden E09000007,1.6
http://opendatacommunities.org/id/geography/administration/nmd/E07000192,Cannock Chase E07000192,1.2
http://opendatacommunities.org/id/geography/administration/nmd/E07000106,Canterbury E07000106,1.3
http://opendatacommunities.org/id/geography/administration/nmd/E07000028,Carlisle E07000028,1.3
http://opendatacommunities.org/id/geography/administration/nmd/E07000069,Castle Point E07000069,1.3
http://opendatacommunities.org/id/geography/administration/nmd/E07000130,Charnwood E07000130,0.7
http://opendatacommunities.org/id/geography/administration/nmd/E07000070,Chelmsford E07000070,1.1
http://opendatacommunities.org/id/geography/administration/nmd/E07000078,Cheltenham E07000078,1
http://opendatacommunities.org/id/geography/administration/nmd/E07000177,Cherwell E07000177,0.6
http://opendatacommunities.org/id/geography/administration/nmd/E07000034,Chesterfield E07000034,1.8
http://opendatacommunities.org/id/geography/administration/nmd/E07000225,Chichester E07000225,1
http://opendatacommunities.org/id/geography/administration/nmd/E07000005,Chiltern E07000005,0.7
http://opendatacommunities.org/id/geography/administration/nmd/E07000118,Chorley E07000118,1.6
http://opendatacommunities.org/id/geography/administration/nmd/E07000048,Christchurch E07000048,1
http://opendatacommunities.org/id/geography/administration/lonb/E09000001,City of London E09000001,0.9
http://opendatacommunities.org/id/geography/administration/nmd/E07000071,Colchester E07000071,1.2
http://opendatacommunities.org/id/geography/administration/nmd/E07000029,Copeland E07000029,2.3
http://opendatacommunities.org/id/geography/administration/nmd/E07000150,Corby E07000150,1.6
http://opendatacommunities.org/id/geography/administration/nmd/E07000079,Cotswold E07000079,0.7
http://opendatacommunities.org/id/geography/administration/md/E08000026,Coventry E08000026,1.9
http://opendatacommunities.org/id/geography/administration/nmd/E07000163,Craven E07000163,0.9
http://opendatacommunities.org/id/geography/administration/nmd/E07000226,Crawley E07000226,1.3
http://opendatacommunities.org/id/geography/administration/lonb/E09000008,Croydon E09000008,3
http://opendatacommunities.org/id/geography/administration/nmd/E07000096,Dacorum E07000096,1.1
http://opendatacommunities.org/id/geography/administration/nmd/E07000107,Dartford E07000107,1.1
http://opendatacommunities.org/id/geography/administration/nmd/E07000151,Daventry E07000151,1.2
http://opendatacommunities.org/id/geography/administration/nmd/E07000035,Derbyshire Dales E07000035,0.6
http://opendatacommunities.org/id/geography/administration/md/E08000017,Doncaster E08000017,2.6
http://opendatacommunities.org/id/geography/administration/nmd/E07000108,Dover E07000108,2.1
http://opendatacommunities.org/id/geography/administration/md/E08000027,Dudley E08000027,2.9
http://opendatacommunities.org/id/geography/administration/lonb/E09000009,Ealing E09000009,2.1
http://opendatacommunities.org/id/geography/administration/nmd/E07000009,East Cambridgeshire E07000009,0.6
http://opendatacommunities.org/id/geography/administration/nmd/E07000040,East Devon E07000040,0.9
http://opendatacommunities.org/id/geography/administration/nmd/E07000049,East Dorset E07000049,0.7
http://opendatacommunities.org/id/geography/administration/nmd/E07000085,East Hampshire E07000085,0.6
http://opendatacommunities.org/id/geography/administration/nmd/E07000242,East Hertfordshire E07000242,0.7
http://opendatacommunities.org/id/geography/administration/nmd/E07000137,East Lindsey E07000137,2.4
http://opendatacommunities.org/id/geography/administration/nmd/E07000152,East Northamptonshire E07000152,1
http://opendatacommunities.org/id/geography/administration/nmd/E07000193,East Staffordshire E07000193,0.9
http://opendatacommunities.org/id/geography/administration/nmd/E07000061,Eastbourne E07000061,1.9
http://opendatacommunities.org/id/geography/administration/nmd/E07000086,Eastleigh E07000086,0.7
http://opendatacommunities.org/id/geography/administration/nmd/E07000030,Eden E07000030,0.7
http://opendatacommunities.org/id/geography/administration/nmd/E07000207,Elmbridge E07000207,0.6
http://opendatacommunities.org/id/geography/administration/lonb/E09000010,Enfield E09000010,2.2
http://opendatacommunities.org/id/geography/administration/nmd/E07000072,Epping Forest E07000072,1.2
http://opendatacommunities.org/id/geography/administration/nmd/E07000208,Epsom and Ewell E07000208,0.7
http://opendatacommunities.org/id/geography/administration/nmd/E07000036,Erewash E07000036,1.6
http://opendatacommunities.org/id/geography/administration/nmd/E07000041,Exeter E07000041,1.1
http://opendatacommunities.org/id/geography/administration/nmd/E07000087,Fareham E07000087,0.6
http://opendatacommunities.org/id/geography/administration/nmd/E07000010,Fenland E07000010,1
http://opendatacommunities.org/id/geography/administration/nmd/E07000201,Forest Heath E07000201,0.7
http://opendatacommunities.org/id/geography/administration/nmd/E07000080,Forest of Dean E07000080,1.2
http://opendatacommunities.org/id/geography/administration/nmd/E07000119,Fylde E07000119,1.5
http://opendatacommunities.org/id/geography/administration/md/E08000037,Gateshead E08000037,2.8
http://opendatacommunities.org/id/geography/administration/nmd/E07000173,Gedling E07000173,1.5
http://opendatacommunities.org/id/geography/administration/nmd/E07000081,Gloucester E07000081,1.6
http://opendatacommunities.org/id/geography/administration/nmd/E07000088,Gosport E07000088,1.1
http://opendatacommunities.org/id/geography/administration/nmd/E07000109,Gravesham E07000109,2
http://opendatacommunities.org/id/geography/administration/nmd/E07000145,Great Yarmouth E07000145,4.7
http://opendatacommunities.org/id/geography/administration/lonb/E09000011,Greenwich E09000011,2.1
http://opendatacommunities.org/id/geography/administration/nmd/E07000209,Guildford E07000209,0.5
http://opendatacommunities.org/id/geography/administration/lonb/E09000012,Hackney E09000012,2.4
http://opendatacommunities.org/id/geography/administration/nmd/E07000164,Hambleton E07000164,1
http://opendatacommunities.org/id/geography/administration/lonb/E09000013,Hammersmith and Fulham E09000013,2.4
http://opendatacommunities.org/id/geography/administration/nmd/E07000131,Harborough E07000131,0.5
http://opendatacommunities.org/id/geography/administration/lonb/E09000014,Haringey E09000014,2.4
http://opendatacommunities.org/id/geography/administration/nmd/E07000073,Harlow E07000073,1.9
http://opendatacommunities.org/id/geography/administration/nmd/E07000165,Harrogate E07000165,1.1
http://opendatacommunities.org/id/geography/administration/lonb/E09000015,Harrow E09000015,1.2
http://opendatacommunities.org/id/geography/administration/nmd/E07000089,Hart E07000089,0.5
http://opendatacommunities.org/id/geography/administration/nmd/E07000062,Hastings E07000062,2.4
http://opendatacommunities.org/id/geography/administration/nmd/E07000090,Havant E07000090,1.5
http://opendatacommunities.org/id/geography/administration/lonb/E09000016,Havering E09000016,1.7
http://opendatacommunities.org/id/geography/administration/nmd/E07000098,Hertsmere E07000098,1.2
http://opendatacommunities.org/id/geography/administration/nmd/E07000037,High Peak E07000037,1.1
http://opendatacommunities.org/id/geography/administration/lonb/E09000017,Hillingdon E09000017,1.3
http://opendatacommunities.org/id/geography/administration/nmd/E07000132,Hinckley and Bosworth E07000132,1
http://opendatacommunities.org/id/geography/administration/nmd/E07000227,Horsham E07000227,0.7
http://opendatacommunities.org/id/geography/administration/lonb/E09000018,Hounslow E09000018,2.3
http://opendatacommunities.org/id/geography/administration/nmd/E07000011,Huntingdonshire E07000011,0.6
http://opendatacommunities.org/id/geography/administration/nmd/E07000120,Hyndburn E07000120,2.5
http://opendatacommunities.org/id/geography/administration/nmd/E07000202,Ipswich E07000202,2
http://opendatacommunities.org/id/geography/administration/lonb/E09000019,Islington E09000019,2.1
http://opendatacommunities.org/id/geography/administration/lonb/E09000020,Kensington and Chelsea E09000020,1.4
http://opendatacommunities.org/id/geography/administration/nmd/E07000153,Kettering E07000153,1.6
http://opendatacommunities.org/id/geography/administration/nmd/E07000146,King's Lynn and West Norfolk E07000146,1
http://opendatacommunities.org/id/geography/administration/lonb/E09000021,Kingston upon Thames E09000021,1
http://opendatacommunities.org/id/geography/administration/md/E08000034,Kirklees E08000034,2.1
http://opendatacommunities.org/id/geography/administration/md/E08000011,Knowsley E08000011,3.1
http://opendatacommunities.org/id/geography/administration/lonb/E09000022,Lambeth E09000022,2.3
http://opendatacommunities.org/id/geography/administration/nmd/E07000121,Lancaster E07000121,2.3
http://opendatacommunities.org/id/geography/administration/md/E08000035,Leeds E08000035,2.2
http://opendatacommunities.org/id/geography/administration/nmd/E07000063,Lewes E07000063,1.2
http://opendatacommunities.org/id/geography/administration/lonb/E09000023,Lewisham E09000023,2.4
http://opendatacommunities.org/id/geography/administration/nmd/E07000194,Lichfield E07000194,0.7
http://opendatacommunities.org/id/geography/administration/nmd/E07000138,Lincoln E07000138,2.3
http://opendatacommunities.org/id/geography/administration/md/E08000012,Liverpool E08000012,3.3
http://opendatacommunities.org/id/geography/administration/nmd/E07000110,Maidstone E07000110,1.2
http://opendatacommunities.org/id/geography/administration/nmd/E07000074,Maldon E07000074,1
http://opendatacommunities.org/id/geography/administration/nmd/E07000235,Malvern Hills E07000235,1
http://opendatacommunities.org/id/geography/administration/md/E08000003,Manchester E08000003,2.6
http://opendatacommunities.org/id/geography/administration/nmd/E07000174,Mansfield E07000174,1.9
http://opendatacommunities.org/id/geography/administration/nmd/E07000133,Melton E07000133,0.9
http://opendatacommunities.org/id/geography/administration/nmd/E07000187,Mendip E07000187,1.4
http://opendatacommunities.org/id/geography/administration/lonb/E09000024,Merton E09000024,1.6
http://opendatacommunities.org/id/geography/administration/nmd/E07000042,Mid Devon E07000042,1
http://opendatacommunities.org/id/geography/administration/nmd/E07000203,Mid Suffolk E07000203,0.8
http://opendatacommunities.org/id/geography/administration/nmd/E07000228,Mid Sussex E07000228,0.5
http://opendatacommunities.org/id/geography/administration/nmd/E07000210,Mole Valley E07000210,0.5
http://opendatacommunities.org/id/geography/administration/nmd/E07000091,New Forest E07000091,0.7
http://opendatacommunities.org/id/geography/administration/nmd/E07000175,Newark and Sherwood E07000175,1.3
http://opendatacommunities.org/id/geography/administration/md/E08000021,Newcastle upon Tyne E08000021,2.9
http://opendatacommunities.org/id/geography/administration/nmd/E07000195,Newcastle-under-Lyme E07000195,1.2
http://opendatacommunities.org/id/geography/administration/lonb/E09000025,Newham E09000025,1.9
http://opendatacommunities.org/id/geography/administration/nmd/E07000043,North Devon E07000043,1.1
http://opendatacommunities.org/id/geography/administration/nmd/E07000050,North Dorset E07000050,0.6
http://opendatacommunities.org/id/geography/administration/nmd/E07000038,North East Derbyshire E07000038,1.3
http://opendatacommunities.org/id/geography/administration/nmd/E07000099,North Hertfordshire E07000099,1.1
http://opendatacommunities.org/id/geography/administration/nmd/E07000139,North Kesteven E07000139,1
http://opendatacommunities.org/id/geography/administration/nmd/E07000147,North Norfolk E07000147,1
http://opendatacommunities.org/id/geography/administration/md/E08000022,North Tyneside E08000022,2.6
http://opendatacommunities.org/id/geography/administration/nmd/E07000218,North Warwickshire E07000218,1.1
http://opendatacommunities.org/id/geography/administration/nmd/E07000134,North West Leicestershire E07000134,0.7
http://opendatacommunities.org/id/geography/administration/nmd/E07000154,Northampton E07000154,1.8
http://opendatacommunities.org/id/geography/administration/nmd/E07000148,Norwich E07000148,1.7
http://opendatacommunities.org/id/geography/administration/nmd/E07000219,Nuneaton and Bedworth E07000219,1.8
http://opendatacommunities.org/id/geography/administration/nmd/E07000135,Oadby and Wigston E07000135,0.9
http://opendatacommunities.org/id/geography/administration/md/E08000004,Oldham E08000004,2.8
http://opendatacommunities.org/id/geography/administration/nmd/E07000178,Oxford E07000178,0.9
http://opendatacommunities.org/id/geography/administration/nmd/E07000122,Pendle E07000122,2
http://opendatacommunities.org/id/geography/administration/nmd/E07000123,Preston E07000123,2.1
http://opendatacommunities.org/id/geography/administration/nmd/E07000051,Purbeck E07000051,0.8
http://opendatacommunities.org/id/geography/administration/lonb/E09000026,Redbridge E09000026,1.4
http://opendatacommunities.org/id/geography/administration/nmd/E07000236,Redditch E07000236,1.6
http://opendatacommunities.org/id/geography/administration/nmd/E07000211,Reigate and Banstead E07000211,0.8
http://opendatacommunities.org/id/geography/administration/nmd/E07000124,Ribble Valley E07000124,0.6
http://opendatacommunities.org/id/geography/administration/lonb/E09000027,Richmond upon Thames E09000027,1.1
http://opendatacommunities.org/id/geography/administration/nmd/E07000166,Richmondshire E07000166,1
http://opendatacommunities.org/id/geography/administration/md/E08000005,Rochdale E08000005,2.9
http://opendatacommunities.org/id/geography/administration/nmd/E07000075,Rochford E07000075,0.9
http://opendatacommunities.org/id/geography/administration/nmd/E07000125,Rossendale E07000125,1.9
http://opendatacommunities.org/id/geography/administration/nmd/E07000064,Rother E07000064,1.2
http://opendatacommunities.org/id/geography/administration/md/E08000018,Rotherham E08000018,2.6
http://opendatacommunities.org/id/geography/administration/nmd/E07000220,Rugby E07000220,1.6
http://opendatacommunities.org/id/geography/administration/nmd/E07000212,Runnymede E07000212,0.6
http://opendatacommunities.org/id/geography/administration/nmd/E07000176,Rushcliffe E07000176,0.8
http://opendatacommunities.org/id/geography/administration/nmd/E07000092,Rushmoor E07000092,0.9
http://opendatacommunities.org/id/geography/administration/nmd/E07000167,Ryedale E07000167,1.4
http://opendatacommunities.org/id/geography/administration/md/E08000006,Salford E08000006,2.6
http://opendatacommunities.org/id/geography/administration/md/E08000028,Sandwell E08000028,3.5
http://opendatacommunities.org/id/geography/administration/nmd/E07000168,Scarborough E07000168,2.1
http://opendatacommunities.org/id/geography/administration/nmd/E07000188,Sedgemoor E07000188,2.2
http://opendatacommunities.org/id/geography/administration/md/E08000014,Sefton E08000014,2.5
http://opendatacommunities.org/id/geography/administration/nmd/E07000169,Selby E07000169,1.2
http://opendatacommunities.org/id/geography/administration/nmd/E07000111,Sevenoaks E07000111,0.7
http://opendatacommunities.org/id/geography/administration/md/E08000019,Sheffield E08000019,2.4
http://opendatacommunities.org/id/geography/administration/nmd/E07000112,Shepway E07000112,2.1
http://opendatacommunities.org/id/geography/administration/md/E08000029,Solihull E08000029,1.8
http://opendatacommunities.org/id/geography/administration/nmd/E07000006,South Bucks E07000006,0.7
http://opendatacommunities.org/id/geography/administration/nmd/E07000012,South Cambridgeshire E07000012,0.5
http://opendatacommunities.org/id/geography/administration/nmd/E07000039,South Derbyshire E07000039,0.6
http://opendatacommunities.org/id/geography/administration/nmd/E07000044,South Hams E07000044,0.7
http://opendatacommunities.org/id/geography/administration/nmd/E07000140,South Holland E07000140,1.1
http://opendatacommunities.org/id/geography/administration/nmd/E07000141,South Kesteven E07000141,1.3
http://opendatacommunities.org/id/geography/administration/nmd/E07000031,South Lakeland E07000031,0.6
http://opendatacommunities.org/id/geography/administration/nmd/E07000149,South Norfolk E07000149,0.8
http://opendatacommunities.org/id/geography/administration/nmd/E07000155,South Northamptonshire E07000155,0.6
http://opendatacommunities.org/id/geography/administration/nmd/E07000179,South Oxfordshire E07000179,0.5
http://opendatacommunities.org/id/geography/administration/nmd/E07000126,South Ribble E07000126,1.3
http://opendatacommunities.org/id/geography/administration/nmd/E07000189,South Somerset E07000189,0.9
http://opendatacommunities.org/id/geography/administration/nmd/E07000196,South Staffordshire E07000196,1.1
http://opendatacommunities.org/id/geography/administration/md/E08000023,South Tyneside E08000023,4.5
http://opendatacommunities.org/id/geography/administration/lonb/E09000028,Southwark E09000028,2.5
http://opendatacommunities.org/id/geography/administration/nmd/E07000213,Spelthorne E07000213,1
http://opendatacommunities.org/id/geography/administration/nmd/E07000240,St Albans E07000240,0.8
http://opendatacommunities.org/id/geography/administration/nmd/E07000204,St Edmundsbury E07000204,1
http://opendatacommunities.org/id/geography/administration/md/E08000013,St. Helens E08000013,2.7
http://opendatacommunities.org/id/geography/administration/nmd/E07000197,Stafford E07000197,0.8
http://opendatacommunities.org/id/geography/administration/nmd/E07000198,Staffordshire Moorlands E07000198,0.8
http://opendatacommunities.org/id/geography/administration/nmd/E07000243,Stevenage E07000243,1.5
http://opendatacommunities.org/id/geography/administration/md/E08000007,Stockport E08000007,1.8
http://opendatacommunities.org/id/geography/administration/nmd/E07000221,Stratford-on-Avon E07000221,0.4
http://opendatacommunities.org/id/geography/administration/nmd/E07000082,Stroud E07000082,0.7
http://opendatacommunities.org/id/geography/administration/nmd/E07000205,Suffolk Coastal E07000205,0.7
http://opendatacommunities.org/id/geography/administration/md/E08000024,Sunderland E08000024,3.2
http://opendatacommunities.org/id/geography/administration/nmd/E07000214,Surrey Heath E07000214,0.6
http://opendatacommunities.org/id/geography/administration/lonb/E09000029,Sutton E09000029,1.9
http://opendatacommunities.org/id/geography/administration/nmd/E07000113,Swale E07000113,2.2
http://opendatacommunities.org/id/geography/administration/md/E08000008,Tameside E08000008,2.6
http://opendatacommunities.org/id/geography/administration/nmd/E07000199,Tamworth E07000199,1
http://opendatacommunities.org/id/geography/administration/nmd/E07000215,Tandridge E07000215,0.8
http://opendatacommunities.org/id/geography/administration/nmd/E07000190,Taunton Deane E07000190,1.2
http://opendatacommunities.org/id/geography/administration/nmd/E07000045,Teignbridge E07000045,1
http://opendatacommunities.org/id/geography/administration/nmd/E07000076,Tendring E07000076,2.9
http://opendatacommunities.org/id/geography/administration/nmd/E07000093,Test Valley E07000093,0.6
http://opendatacommunities.org/id/geography/administration/nmd/E07000083,Tewkesbury E07000083,0.9
http://opendatacommunities.org/id/geography/administration/nmd/E07000114,Thanet E07000114,3.4
http://opendatacommunities.org/id/geography/administration/nmd/E07000102,Three Rivers E07000102,0.9
http://opendatacommunities.org/id/geography/administration/nmd/E07000115,Tonbridge and Malling E07000115,0.9
http://opendatacommunities.org/id/geography/administration/nmd/E07000046,Torridge E07000046,1.3
http://opendatacommunities.org/id/geography/administration/lonb/E09000030,Tower Hamlets E09000030,2.2
http://opendatacommunities.org/id/geography/administration/md/E08000009,Trafford E08000009,1.6
http://opendatacommunities.org/id/geography/administration/nmd/E07000116,Tunbridge Wells E07000116,0.8
http://opendatacommunities.org/id/geography/administration/nmd/E07000077,Uttlesford E07000077,0.5
http://opendatacommunities.org/id/geography/administration/nmd/E07000180,Vale of White Horse E07000180,0.5
http://opendatacommunities.org/id/geography/administration/md/E08000036,Wakefield E08000036,1.9
http://opendatacommunities.org/id/geography/administration/md/E08000030,Walsall E08000030,2.9
http://opendatacommunities.org/id/geography/administration/lonb/E09000031,Waltham Forest E09000031,2.2
http://opendatacommunities.org/id/geography/administration/lonb/E09000032,Wandsworth E09000032,1.4
http://opendatacommunities.org/id/geography/administration/nmd/E07000222,Warwick E07000222,0.7
http://opendatacommunities.org/id/geography/administration/nmd/E07000103,Watford E07000103,1.3
http://opendatacommunities.org/id/geography/administration/nmd/E07000206,Waveney E07000206,3.1
http://opendatacommunities.org/id/geography/administration/nmd/E07000216,Waverley E07000216,0.5
http://opendatacommunities.org/id/geography/administration/nmd/E07000065,Wealden E07000065,0.7
http://opendatacommunities.org/id/geography/administration/nmd/E07000156,Wellingborough E07000156,1.7
http://opendatacommunities.org/id/geography/administration/nmd/E07000241,Welwyn Hatfield E07000241,1.1
http://opendatacommunities.org/id/geography/administration/nmd/E07000047,West Devon E07000047,0.8
http://opendatacommunities.org/id/geography/administration/nmd/E07000052,West Dorset E07000052,0.8
http://opendatacommunities.org/id/geography/administration/nmd/E07000127,West Lancashire E07000127,1.8
http://opendatacommunities.org/id/geography/administration/nmd/E07000142,West Lindsey E07000142,1.9
http://opendatacommunities.org/id/geography/administration/nmd/E07000181,West Oxfordshire E07000181,0.6
http://opendatacommunities.org/id/geography/administration/nmd/E07000191,West Somerset E07000191,1.2
http://opendatacommunities.org/id/geography/administration/lonb/E09000033,Westminster E09000033,1.4
http://opendatacommunities.org/id/geography/administration/nmd/E07000053,Weymouth and Portland E07000053,1.7
http://opendatacommunities.org/id/geography/administration/md/E08000010,Wigan E08000010,2.6
http://opendatacommunities.org/id/geography/administration/nmd/E07000094,Winchester E07000094,0.5
http://opendatacommunities.org/id/geography/administration/md/E08000015,Wirral E08000015,2
http://opendatacommunities.org/id/geography/administration/nmd/E07000217,Woking E07000217,0.6
http://opendatacommunities.org/id/geography/administration/md/E08000031,Wolverhampton E08000031,4.1
http://opendatacommunities.org/id/geography/administration/nmd/E07000237,Worcester E07000237,1.5
http://opendatacommunities.org/id/geography/administration/nmd/E07000229,Worthing E07000229,1.3
http://opendatacommunities.org/id/geography/administration/nmd/E07000238,Wychavon E07000238,0.9
http://opendatacommunities.org/id/geography/administration/nmd/E07000007,Wycombe E07000007,1.1
http://opendatacommunities.org/id/geography/administration/nmd/E07000128,Wyre E07000128,1.7
http://opendatacommunities.org/id/geography/administration/nmd/E07000239,Wyre Forest E07000239,1.3
